file,line,type,commit,author,date,time,timezone,datetime,depth,length
style.css,1,css,5187d91d,Vivian Lin,2025-01-16,11:33:30,-08:00,2025-01-16T11:33:30-08:00,0,6
style.css,2,css,5187d91d,Vivian Lin,2025-01-16,11:33:30,-08:00,2025-01-16T11:33:30-08:00,0,42
style.css,3,css,2762c821,Vivian Lin,2025-01-17,13:49:56,-08:00,2025-01-17T13:49:56-08:00,0,44
style.css,4,css,131c1d79,Vivian Lin,2025-02-06,18:06:06,-08:00,2025-02-06T18:06:06-08:00,0,40
style.css,5,css,5187d91d,Vivian Lin,2025-01-16,11:33:30,-08:00,2025-01-16T11:33:30-08:00,0,0
style.css,6,css,5187d91d,Vivian Lin,2025-01-16,11:33:30,-08:00,2025-01-16T11:33:30-08:00,0,0
style.css,7,css,07bfc06c,Vivian Lin,2025-01-24,14:19:06,-08:00,2025-01-24T14:19:06-08:00,0,5
style.css,8,css,a894751f,Vivian Lin,2025-01-24,14:37:35,-08:00,2025-01-24T14:37:35-08:00,0,24
style.css,9,css,07bfc06c,Vivian Lin,2025-01-24,14:19:06,-08:00,2025-01-24T14:19:06-08:00,0,0
style.css,10,css,07bfc06c,Vivian Lin,2025-01-24,14:19:06,-08:00,2025-01-24T14:19:06-08:00,0,0
style.css,11,css,89db2b86,Vivian Lin,2025-01-08,22:06:37,-08:00,2025-01-08T22:06:37-08:00,0,5
style.css,12,css,e225239b,Vivian Lin,2025-02-05,18:30:29,-08:00,2025-02-05T18:30:29-08:00,0,0
style.css,13,css,ce996319,Vivian Lin,2025-01-15,19:11:01,-08:00,2025-01-15T19:11:01-08:00,0,44
style.css,14,css,ce996319,Vivian Lin,2025-01-15,19:11:01,-08:00,2025-01-15T19:11:01-08:00,0,43
style.css,15,css,ce996319,Vivian Lin,2025-01-15,19:11:01,-08:00,2025-01-15T19:11:01-08:00,0,1
style.css,16,css,ce996319,Vivian Lin,2025-01-15,19:11:01,-08:00,2025-01-15T19:11:01-08:00,0,24
style.css,17,css,ce996319,Vivian Lin,2025-01-15,19:11:01,-08:00,2025-01-15T19:11:01-08:00,0,16
style.css,18,css,ce996319,Vivian Lin,2025-01-15,19:11:01,-08:00,2025-01-15T19:11:01-08:00,0,19
style.css,19,css,ce996319,Vivian Lin,2025-01-15,19:11:01,-08:00,2025-01-15T19:11:01-08:00,0,13
style.css,20,css,60cb150c,Vivian Lin,2025-01-15,18:38:42,-08:00,2025-01-15T18:38:42-08:00,0,0
style.css,21,css,2762c821,Vivian Lin,2025-01-17,13:49:56,-08:00,2025-01-17T13:49:56-08:00,0,18
style.css,22,css,2762c821,Vivian Lin,2025-01-17,13:49:56,-08:00,2025-01-17T13:49:56-08:00,0,16
style.css,23,css,2762c821,Vivian Lin,2025-01-17,13:49:56,-08:00,2025-01-17T13:49:56-08:00,0,18
style.css,24,css,2762c821,Vivian Lin,2025-01-17,13:49:56,-08:00,2025-01-17T13:49:56-08:00,0,0
style.css,25,css,2762c821,Vivian Lin,2025-01-17,13:49:56,-08:00,2025-01-17T13:49:56-08:00,0,0
style.css,26,css,2762c821,Vivian Lin,2025-01-17,13:49:56,-08:00,2025-01-17T13:49:56-08:00,0,0
style.css,27,css,131c1d79,Vivian Lin,2025-02-06,18:06:06,-08:00,2025-02-06T18:06:06-08:00,0,15
style.css,28,css,814ed5f9,Vivian Lin,2025-01-24,09:44:05,-08:00,2025-01-24T09:44:05-08:00,0,0
style.css,29,css,ce996319,Vivian Lin,2025-01-15,19:11:01,-08:00,2025-01-15T19:11:01-08:00,0,4
style.css,30,css,814ed5f9,Vivian Lin,2025-01-24,09:44:05,-08:00,2025-01-24T09:44:05-08:00,0,0
style.css,31,css,ce996319,Vivian Lin,2025-01-15,19:11:01,-08:00,2025-01-15T19:11:01-08:00,0,13
style.css,32,css,ce996319,Vivian Lin,2025-01-15,19:11:01,-08:00,2025-01-15T19:11:01-08:00,0,18
style.css,33,css,ce996319,Vivian Lin,2025-01-15,19:11:01,-08:00,2025-01-15T19:11:01-08:00,0,23
style.css,34,css,ce996319,Vivian Lin,2025-01-15,19:11:01,-08:00,2025-01-15T19:11:01-08:00,0,25
style.css,35,css,5187d91d,Vivian Lin,2025-01-16,11:33:30,-08:00,2025-01-16T11:33:30-08:00,0,46
style.css,36,css,bedc35c7,Vivian Lin,2025-01-23,16:38:53,-08:00,2025-01-23T16:38:53-08:00,0,0
style.css,37,css,814ed5f9,Vivian Lin,2025-01-24,09:44:05,-08:00,2025-01-24T09:44:05-08:00,0,0
style.css,38,css,8fc3d5bd,Vivian Lin,2025-01-23,16:20:45,-08:00,2025-01-23T16:20:45-08:00,0,2
style.css,39,css,8fc3d5bd,Vivian Lin,2025-01-23,16:20:45,-08:00,2025-01-23T16:20:45-08:00,0,7
style.css,40,css,8fc3d5bd,Vivian Lin,2025-01-23,16:20:45,-08:00,2025-01-23T16:20:45-08:00,0,21
style.css,41,css,8fc3d5bd,Vivian Lin,2025-01-23,16:20:45,-08:00,2025-01-23T16:20:45-08:00,0,14
style.css,42,css,8fc3d5bd,Vivian Lin,2025-01-23,16:20:45,-08:00,2025-01-23T16:20:45-08:00,0,18
style.css,43,css,8fc3d5bd,Vivian Lin,2025-01-23,16:20:45,-08:00,2025-01-23T16:20:45-08:00,0,13
style.css,44,css,5187d91d,Vivian Lin,2025-01-16,11:33:30,-08:00,2025-01-16T11:33:30-08:00,0,0
style.css,45,css,8fc3d5bd,Vivian Lin,2025-01-23,16:20:45,-08:00,2025-01-23T16:20:45-08:00,0,0
style.css,46,css,8fc3d5bd,Vivian Lin,2025-01-23,16:20:45,-08:00,2025-01-23T16:20:45-08:00,0,10
style.css,47,css,8fc3d5bd,Vivian Lin,2025-01-23,16:20:45,-08:00,2025-01-23T16:20:45-08:00,0,26
style.css,48,css,8fc3d5bd,Vivian Lin,2025-01-23,16:20:45,-08:00,2025-01-23T16:20:45-08:00,0,26
style.css,49,css,8fc3d5bd,Vivian Lin,2025-01-23,16:20:45,-08:00,2025-01-23T16:20:45-08:00,0,47
style.css,50,css,8fc3d5bd,Vivian Lin,2025-01-23,16:20:45,-08:00,2025-01-23T16:20:45-08:00,0,0
style.css,51,css,5187d91d,Vivian Lin,2025-01-16,11:33:30,-08:00,2025-01-16T11:33:30-08:00,0,0
style.css,52,css,8fc3d5bd,Vivian Lin,2025-01-23,16:20:45,-08:00,2025-01-23T16:20:45-08:00,0,8
style.css,53,css,8fc3d5bd,Vivian Lin,2025-01-23,16:20:45,-08:00,2025-01-23T16:20:45-08:00,0,33
style.css,54,css,8fc3d5bd,Vivian Lin,2025-01-23,16:20:45,-08:00,2025-01-23T16:20:45-08:00,0,26
style.css,55,css,8fc3d5bd,Vivian Lin,2025-01-23,16:20:45,-08:00,2025-01-23T16:20:45-08:00,0,26
style.css,56,css,8fc3d5bd,Vivian Lin,2025-01-23,16:20:45,-08:00,2025-01-23T16:20:45-08:00,0,40
style.css,57,css,8fc3d5bd,Vivian Lin,2025-01-23,16:20:45,-08:00,2025-01-23T16:20:45-08:00,0,58
style.css,58,css,8fc3d5bd,Vivian Lin,2025-01-23,16:20:45,-08:00,2025-01-23T16:20:45-08:00,0,0
style.css,59,css,8fc3d5bd,Vivian Lin,2025-01-23,16:20:45,-08:00,2025-01-23T16:20:45-08:00,0,26
style.css,60,css,8fc3d5bd,Vivian Lin,2025-01-23,16:20:45,-08:00,2025-01-23T16:20:45-08:00,0,26
style.css,61,css,8fc3d5bd,Vivian Lin,2025-01-23,16:20:45,-08:00,2025-01-23T16:20:45-08:00,0,47
style.css,62,css,60cb150c,Vivian Lin,2025-01-15,18:38:42,-08:00,2025-01-15T18:38:42-08:00,0,0
style.css,63,css,8fc3d5bd,Vivian Lin,2025-01-23,16:20:45,-08:00,2025-01-23T16:20:45-08:00,0,0
style.css,64,css,8fc3d5bd,Vivian Lin,2025-01-23,16:20:45,-08:00,2025-01-23T16:20:45-08:00,0,0
style.css,65,css,814ed5f9,Vivian Lin,2025-01-24,09:44:05,-08:00,2025-01-24T09:44:05-08:00,0,0
style.css,66,css,814ed5f9,Vivian Lin,2025-01-24,09:44:05,-08:00,2025-01-24T09:44:05-08:00,0,0
style.css,67,css,131c1d79,Vivian Lin,2025-02-06,18:06:06,-08:00,2025-02-06T18:06:06-08:00,0,25
style.css,68,css,814ed5f9,Vivian Lin,2025-01-24,09:44:05,-08:00,2025-01-24T09:44:05-08:00,0,36
style.css,69,css,814ed5f9,Vivian Lin,2025-01-24,09:44:05,-08:00,2025-01-24T09:44:05-08:00,0,4
style.css,70,css,814ed5f9,Vivian Lin,2025-01-24,09:44:05,-08:00,2025-01-24T09:44:05-08:00,0,40
style.css,71,css,814ed5f9,Vivian Lin,2025-01-24,09:44:05,-08:00,2025-01-24T09:44:05-08:00,0,0
style.css,72,css,bc23b852,Vivian Lin,2025-01-24,10:29:56,-08:00,2025-01-24T10:29:56-08:00,0,8
style.css,73,css,d2cc1f6d,Vivian Lin,2025-01-24,18:52:15,-08:00,2025-01-24T18:52:15-08:00,0,70
style.css,74,css,bc23b852,Vivian Lin,2025-01-24,10:29:56,-08:00,2025-01-24T10:29:56-08:00,0,0
style.css,75,css,bc23b852,Vivian Lin,2025-01-24,10:29:56,-08:00,2025-01-24T10:29:56-08:00,0,0
style.css,76,css,d2cc1f6d,Vivian Lin,2025-01-24,18:52:15,-08:00,2025-01-24T18:52:15-08:00,0,0
style.css,77,css,d2cc1f6d,Vivian Lin,2025-01-24,18:52:15,-08:00,2025-01-24T18:52:15-08:00,0,10
style.css,78,css,d2cc1f6d,Vivian Lin,2025-01-24,18:52:15,-08:00,2025-01-24T18:52:15-08:00,0,40
style.css,79,css,d2cc1f6d,Vivian Lin,2025-01-24,18:52:15,-08:00,2025-01-24T18:52:15-08:00,0,0
style.css,80,css,bedc35c7,Vivian Lin,2025-01-23,16:38:53,-08:00,2025-01-23T16:38:53-08:00,0,0
style.css,81,css,814ed5f9,Vivian Lin,2025-01-24,09:44:05,-08:00,2025-01-24T09:44:05-08:00,0,0
style.css,82,css,ce996319,Vivian Lin,2025-01-15,19:11:01,-08:00,2025-01-15T19:11:01-08:00,0,0
style.css,83,css,56c9130a,Vivian Lin,2025-01-24,10:27:48,-08:00,2025-01-24T10:27:48-08:00,0,0
style.css,84,css,131c1d79,Vivian Lin,2025-02-06,18:06:06,-08:00,2025-02-06T18:06:06-08:00,0,12
style.css,85,css,5187d91d,Vivian Lin,2025-01-16,11:33:30,-08:00,2025-01-16T11:33:30-08:00,0,5
style.css,86,css,2e9dcea6,Vivian Lin,2025-01-16,14:22:56,-08:00,2025-01-16T14:22:56-08:00,0,13
style.css,87,css,2e9dcea6,Vivian Lin,2025-01-16,14:22:56,-08:00,2025-01-16T14:22:56-08:00,0,31
style.css,88,css,2e9dcea6,Vivian Lin,2025-01-16,14:22:56,-08:00,2025-01-16T14:22:56-08:00,0,8
style.css,89,css,2e9dcea6,Vivian Lin,2025-01-16,14:22:56,-08:00,2025-01-16T14:22:56-08:00,0,0
style.css,90,css,5187d91d,Vivian Lin,2025-01-16,11:33:30,-08:00,2025-01-16T11:33:30-08:00,0,6
style.css,91,css,2e9dcea6,Vivian Lin,2025-01-16,14:22:56,-08:00,2025-01-16T14:22:56-08:00,0,13
style.css,92,css,f110cc6b,Vivian Lin,2025-01-16,17:44:52,-08:00,2025-01-16T17:44:52-08:00,0,30
style.css,93,css,2e9dcea6,Vivian Lin,2025-01-16,14:22:56,-08:00,2025-01-16T14:22:56-08:00,0,19
style.css,94,css,5187d91d,Vivian Lin,2025-01-16,11:33:30,-08:00,2025-01-16T11:33:30-08:00,0,0
style.css,95,css,f110cc6b,Vivian Lin,2025-01-16,17:44:52,-08:00,2025-01-16T17:44:52-08:00,0,15
style.css,96,css,5187d91d,Vivian Lin,2025-01-16,11:33:30,-08:00,2025-01-16T11:33:30-08:00,0,13
style.css,97,css,f110cc6b,Vivian Lin,2025-01-16,17:44:52,-08:00,2025-01-16T17:44:52-08:00,0,16
style.css,98,css,2e9dcea6,Vivian Lin,2025-01-16,14:22:56,-08:00,2025-01-16T14:22:56-08:00,0,0
style.css,99,css,2e9dcea6,Vivian Lin,2025-01-16,14:22:56,-08:00,2025-01-16T14:22:56-08:00,0,0
style.css,100,css,f110cc6b,Vivian Lin,2025-01-16,17:44:52,-08:00,2025-01-16T17:44:52-08:00,0,7
style.css,101,css,f110cc6b,Vivian Lin,2025-01-16,17:44:52,-08:00,2025-01-16T17:44:52-08:00,0,13
style.css,102,css,f110cc6b,Vivian Lin,2025-01-16,17:44:52,-08:00,2025-01-16T17:44:52-08:00,0,17
style.css,103,css,f110cc6b,Vivian Lin,2025-01-16,17:44:52,-08:00,2025-01-16T17:44:52-08:00,0,0
style.css,104,css,f110cc6b,Vivian Lin,2025-01-16,17:44:52,-08:00,2025-01-16T17:44:52-08:00,0,0
style.css,105,css,5187d91d,Vivian Lin,2025-01-16,11:33:30,-08:00,2025-01-16T11:33:30-08:00,0,0
style.css,106,css,2762c821,Vivian Lin,2025-01-17,13:49:56,-08:00,2025-01-17T13:49:56-08:00,0,0
style.css,107,css,131c1d79,Vivian Lin,2025-02-06,18:06:06,-08:00,2025-02-06T18:06:06-08:00,0,12
style.css,108,css,2762c821,Vivian Lin,2025-01-17,13:49:56,-08:00,2025-01-17T13:49:56-08:00,0,10
style.css,109,css,2762c821,Vivian Lin,2025-01-17,13:49:56,-08:00,2025-01-17T13:49:56-08:00,0,13
style.css,110,css,2762c821,Vivian Lin,2025-01-17,13:49:56,-08:00,2025-01-17T13:49:56-08:00,0,59
style.css,111,css,635803e0,Vivian Lin,2025-01-31,18:16:41,-08:00,2025-01-31T18:16:41-08:00,0,8
style.css,112,css,2762c821,Vivian Lin,2025-01-17,13:49:56,-08:00,2025-01-17T13:49:56-08:00,0,0
style.css,113,css,2762c821,Vivian Lin,2025-01-17,13:49:56,-08:00,2025-01-17T13:49:56-08:00,0,3
style.css,114,css,2762c821,Vivian Lin,2025-01-17,13:49:56,-08:00,2025-01-17T13:49:56-08:00,0,15
style.css,115,css,2762c821,Vivian Lin,2025-01-17,13:49:56,-08:00,2025-01-17T13:49:56-08:00,0,0
style.css,116,css,2762c821,Vivian Lin,2025-01-17,13:49:56,-08:00,2025-01-17T13:49:56-08:00,0,0
style.css,117,css,2762c821,Vivian Lin,2025-01-17,13:49:56,-08:00,2025-01-17T13:49:56-08:00,0,23
style.css,118,css,2762c821,Vivian Lin,2025-01-17,13:49:56,-08:00,2025-01-17T13:49:56-08:00,0,16
style.css,119,css,2762c821,Vivian Lin,2025-01-17,13:49:56,-08:00,2025-01-17T13:49:56-08:00,0,18
style.css,120,css,2762c821,Vivian Lin,2025-01-17,13:49:56,-08:00,2025-01-17T13:49:56-08:00,0,0
style.css,121,css,2762c821,Vivian Lin,2025-01-17,13:49:56,-08:00,2025-01-17T13:49:56-08:00,0,8
style.css,122,css,2762c821,Vivian Lin,2025-01-17,13:49:56,-08:00,2025-01-17T13:49:56-08:00,0,13
style.css,123,css,2762c821,Vivian Lin,2025-01-17,13:49:56,-08:00,2025-01-17T13:49:56-08:00,0,27
style.css,124,css,2762c821,Vivian Lin,2025-01-17,13:49:56,-08:00,2025-01-17T13:49:56-08:00,0,16
style.css,125,css,2762c821,Vivian Lin,2025-01-17,13:49:56,-08:00,2025-01-17T13:49:56-08:00,0,0
style.css,126,css,2762c821,Vivian Lin,2025-01-17,13:49:56,-08:00,2025-01-17T13:49:56-08:00,0,2
style.css,127,css,2762c821,Vivian Lin,2025-01-17,13:49:56,-08:00,2025-01-17T13:49:56-08:00,0,10
style.css,128,css,2762c821,Vivian Lin,2025-01-17,13:49:56,-08:00,2025-01-17T13:49:56-08:00,0,0
style.css,129,css,e225239b,Vivian Lin,2025-02-05,18:30:29,-08:00,2025-02-05T18:30:29-08:00,0,6
style.css,130,css,e225239b,Vivian Lin,2025-02-05,18:30:29,-08:00,2025-02-05T18:30:29-08:00,0,24
style.css,131,css,e225239b,Vivian Lin,2025-02-05,18:30:29,-08:00,2025-02-05T18:30:29-08:00,0,35
style.css,132,css,e225239b,Vivian Lin,2025-02-05,18:30:29,-08:00,2025-02-05T18:30:29-08:00,0,0
style.css,133,css,2762c821,Vivian Lin,2025-01-17,13:49:56,-08:00,2025-01-17T13:49:56-08:00,0,0
style.css,134,css,2762c821,Vivian Lin,2025-01-17,13:49:56,-08:00,2025-01-17T13:49:56-08:00,0,0
style.css,135,css,2762c821,Vivian Lin,2025-01-17,13:49:56,-08:00,2025-01-17T13:49:56-08:00,0,0
style.css,136,css,131c1d79,Vivian Lin,2025-02-06,18:06:06,-08:00,2025-02-06T18:06:06-08:00,0,11
style.css,137,css,131c1d79,Vivian Lin,2025-02-06,18:06:06,-08:00,2025-02-06T18:06:06-08:00,0,21
style.css,138,css,2762c821,Vivian Lin,2025-01-17,13:49:56,-08:00,2025-01-17T13:49:56-08:00,0,7
style.css,139,css,2762c821,Vivian Lin,2025-01-17,13:49:56,-08:00,2025-01-17T13:49:56-08:00,0,13
style.css,140,css,2762c821,Vivian Lin,2025-01-17,13:49:56,-08:00,2025-01-17T13:49:56-08:00,0,30
style.css,141,css,e225239b,Vivian Lin,2025-02-05,18:30:29,-08:00,2025-02-05T18:30:29-08:00,0,8
style.css,142,css,2762c821,Vivian Lin,2025-01-17,13:49:56,-08:00,2025-01-17T13:49:56-08:00,0,0
style.css,143,css,2762c821,Vivian Lin,2025-01-17,13:49:56,-08:00,2025-01-17T13:49:56-08:00,0,0
style.css,144,css,2762c821,Vivian Lin,2025-01-17,13:49:56,-08:00,2025-01-17T13:49:56-08:00,0,7
style.css,145,css,07bfc06c,Vivian Lin,2025-01-24,14:19:06,-08:00,2025-01-24T14:19:06-08:00,0,70
style.css,146,css,2762c821,Vivian Lin,2025-01-17,13:49:56,-08:00,2025-01-17T13:49:56-08:00,0,12
style.css,147,css,e225239b,Vivian Lin,2025-02-05,18:30:29,-08:00,2025-02-05T18:30:29-08:00,0,0
style.css,148,css,2762c821,Vivian Lin,2025-01-17,13:49:56,-08:00,2025-01-17T13:49:56-08:00,0,0
style.css,149,css,e225239b,Vivian Lin,2025-02-05,18:30:29,-08:00,2025-02-05T18:30:29-08:00,0,8
style.css,150,css,e225239b,Vivian Lin,2025-02-05,18:30:29,-08:00,2025-02-05T18:30:29-08:00,0,4
style.css,151,css,e225239b,Vivian Lin,2025-02-05,18:30:29,-08:00,2025-02-05T18:30:29-08:00,0,14
style.css,152,css,e225239b,Vivian Lin,2025-02-05,18:30:29,-08:00,2025-02-05T18:30:29-08:00,0,21
style.css,153,css,e225239b,Vivian Lin,2025-02-05,18:30:29,-08:00,2025-02-05T18:30:29-08:00,0,0
style.css,154,css,e225239b,Vivian Lin,2025-02-05,18:30:29,-08:00,2025-02-05T18:30:29-08:00,0,0
style.css,155,css,2762c821,Vivian Lin,2025-01-17,13:49:56,-08:00,2025-01-17T13:49:56-08:00,0,0
style.css,156,css,e225239b,Vivian Lin,2025-02-05,18:30:29,-08:00,2025-02-05T18:30:29-08:00,0,0
style.css,157,css,2762c821,Vivian Lin,2025-01-17,13:49:56,-08:00,2025-01-17T13:49:56-08:00,0,0
style.css,158,css,2762c821,Vivian Lin,2025-01-17,13:49:56,-08:00,2025-01-17T13:49:56-08:00,0,18
style.css,159,css,2762c821,Vivian Lin,2025-01-17,13:49:56,-08:00,2025-01-17T13:49:56-08:00,0,34
style.css,160,css,2762c821,Vivian Lin,2025-01-17,13:49:56,-08:00,2025-01-17T13:49:56-08:00,0,38
style.css,161,css,2762c821,Vivian Lin,2025-01-17,13:49:56,-08:00,2025-01-17T13:49:56-08:00,0,11
style.css,162,css,2762c821,Vivian Lin,2025-01-17,13:49:56,-08:00,2025-01-17T13:49:56-08:00,0,14
style.css,163,css,2762c821,Vivian Lin,2025-01-17,13:49:56,-08:00,2025-01-17T13:49:56-08:00,0,0
style.css,164,css,2762c821,Vivian Lin,2025-01-17,13:49:56,-08:00,2025-01-17T13:49:56-08:00,0,0
style.css,165,css,2762c821,Vivian Lin,2025-01-17,13:49:56,-08:00,2025-01-17T13:49:56-08:00,0,0
style.css,166,css,2762c821,Vivian Lin,2025-01-17,13:49:56,-08:00,2025-01-17T13:49:56-08:00,0,21
style.css,167,css,07bfc06c,Vivian Lin,2025-01-24,14:19:06,-08:00,2025-01-24T14:19:06-08:00,0,25
style.css,168,css,2762c821,Vivian Lin,2025-01-17,13:49:56,-08:00,2025-01-17T13:49:56-08:00,0,0
style.css,169,css,2762c821,Vivian Lin,2025-01-17,13:49:56,-08:00,2025-01-17T13:49:56-08:00,0,0
style.css,170,css,2762c821,Vivian Lin,2025-01-17,13:49:56,-08:00,2025-01-17T13:49:56-08:00,0,0
style.css,171,css,2762c821,Vivian Lin,2025-01-17,13:49:56,-08:00,2025-01-17T13:49:56-08:00,0,0
style.css,172,css,131c1d79,Vivian Lin,2025-02-06,18:06:06,-08:00,2025-02-06T18:06:06-08:00,0,16
style.css,173,css,2762c821,Vivian Lin,2025-01-17,13:49:56,-08:00,2025-01-17T13:49:56-08:00,0,26
style.css,174,css,2762c821,Vivian Lin,2025-01-17,13:49:56,-08:00,2025-01-17T13:49:56-08:00,0,14
style.css,175,css,2762c821,Vivian Lin,2025-01-17,13:49:56,-08:00,2025-01-17T13:49:56-08:00,0,21
style.css,176,css,2762c821,Vivian Lin,2025-01-17,13:49:56,-08:00,2025-01-17T13:49:56-08:00,0,0
style.css,177,css,2762c821,Vivian Lin,2025-01-17,13:49:56,-08:00,2025-01-17T13:49:56-08:00,0,0
style.css,178,css,2762c821,Vivian Lin,2025-01-17,13:49:56,-08:00,2025-01-17T13:49:56-08:00,0,32
style.css,179,css,2762c821,Vivian Lin,2025-01-17,13:49:56,-08:00,2025-01-17T13:49:56-08:00,0,35
style.css,180,css,07bfc06c,Vivian Lin,2025-01-24,14:19:06,-08:00,2025-01-24T14:19:06-08:00,0,70
style.css,181,css,2762c821,Vivian Lin,2025-01-17,13:49:56,-08:00,2025-01-17T13:49:56-08:00,0,11
style.css,182,css,2762c821,Vivian Lin,2025-01-17,13:49:56,-08:00,2025-01-17T13:49:56-08:00,0,14
style.css,183,css,2762c821,Vivian Lin,2025-01-17,13:49:56,-08:00,2025-01-17T13:49:56-08:00,0,0
style.css,184,css,2762c821,Vivian Lin,2025-01-17,13:49:56,-08:00,2025-01-17T13:49:56-08:00,0,0
style.css,185,css,2762c821,Vivian Lin,2025-01-17,13:49:56,-08:00,2025-01-17T13:49:56-08:00,0,14
style.css,186,css,2762c821,Vivian Lin,2025-01-17,13:49:56,-08:00,2025-01-17T13:49:56-08:00,0,13
style.css,187,css,ffc86c6e,Vivian Lin,2025-01-17,14:03:58,-08:00,2025-01-17T14:03:58-08:00,0,18
style.css,188,css,2762c821,Vivian Lin,2025-01-17,13:49:56,-08:00,2025-01-17T13:49:56-08:00,0,23
style.css,189,css,2762c821,Vivian Lin,2025-01-17,13:49:56,-08:00,2025-01-17T13:49:56-08:00,0,25
style.css,190,css,07bfc06c,Vivian Lin,2025-01-24,14:19:06,-08:00,2025-01-24T14:19:06-08:00,0,28
style.css,191,css,ffc86c6e,Vivian Lin,2025-01-17,14:03:58,-08:00,2025-01-17T14:03:58-08:00,0,0
style.css,192,css,ffc86c6e,Vivian Lin,2025-01-17,14:03:58,-08:00,2025-01-17T14:03:58-08:00,0,15
style.css,193,css,ffc86c6e,Vivian Lin,2025-01-17,14:03:58,-08:00,2025-01-17T14:03:58-08:00,0,20
style.css,194,css,ffc86c6e,Vivian Lin,2025-01-17,14:03:58,-08:00,2025-01-17T14:03:58-08:00,0,22
style.css,195,css,07bfc06c,Vivian Lin,2025-01-24,14:19:06,-08:00,2025-01-24T14:19:06-08:00,0,25
style.css,196,css,e225239b,Vivian Lin,2025-02-05,18:30:29,-08:00,2025-02-05T18:30:29-08:00,0,0
style.css,197,css,ffc86c6e,Vivian Lin,2025-01-17,14:03:58,-08:00,2025-01-17T14:03:58-08:00,0,0
style.css,198,css,ffc86c6e,Vivian Lin,2025-01-17,14:03:58,-08:00,2025-01-17T14:03:58-08:00,0,0
style.css,199,css,131c1d79,Vivian Lin,2025-02-06,18:06:06,-08:00,2025-02-06T18:06:06-08:00,0,14
style.css,200,css,ffc86c6e,Vivian Lin,2025-01-17,14:03:58,-08:00,2025-01-17T14:03:58-08:00,0,11
style.css,201,css,ffc86c6e,Vivian Lin,2025-01-17,14:03:58,-08:00,2025-01-17T14:03:58-08:00,0,13
style.css,202,css,ffc86c6e,Vivian Lin,2025-01-17,14:03:58,-08:00,2025-01-17T14:03:58-08:00,0,30
style.css,203,css,e225239b,Vivian Lin,2025-02-05,18:30:29,-08:00,2025-02-05T18:30:29-08:00,0,8
style.css,204,css,ffc86c6e,Vivian Lin,2025-01-17,14:03:58,-08:00,2025-01-17T14:03:58-08:00,0,0
style.css,205,css,ffc86c6e,Vivian Lin,2025-01-17,14:03:58,-08:00,2025-01-17T14:03:58-08:00,0,7
style.css,206,css,07bfc06c,Vivian Lin,2025-01-24,14:19:06,-08:00,2025-01-24T14:19:06-08:00,0,70
style.css,207,css,ffc86c6e,Vivian Lin,2025-01-17,14:03:58,-08:00,2025-01-17T14:03:58-08:00,0,12
style.css,208,css,e225239b,Vivian Lin,2025-02-05,18:30:29,-08:00,2025-02-05T18:30:29-08:00,0,0
style.css,209,css,e225239b,Vivian Lin,2025-02-05,18:30:29,-08:00,2025-02-05T18:30:29-08:00,0,8
style.css,210,css,e225239b,Vivian Lin,2025-02-05,18:30:29,-08:00,2025-02-05T18:30:29-08:00,0,8
style.css,211,css,e225239b,Vivian Lin,2025-02-05,18:30:29,-08:00,2025-02-05T18:30:29-08:00,0,0
style.css,212,css,e225239b,Vivian Lin,2025-02-05,18:30:29,-08:00,2025-02-05T18:30:29-08:00,0,0
style.css,213,css,ffc86c6e,Vivian Lin,2025-01-17,14:03:58,-08:00,2025-01-17T14:03:58-08:00,0,0
style.css,214,css,ffc86c6e,Vivian Lin,2025-01-17,14:03:58,-08:00,2025-01-17T14:03:58-08:00,0,21
style.css,215,css,07bfc06c,Vivian Lin,2025-01-24,14:19:06,-08:00,2025-01-24T14:19:06-08:00,0,31
style.css,216,css,ffc86c6e,Vivian Lin,2025-01-17,14:03:58,-08:00,2025-01-17T14:03:58-08:00,0,0
style.css,217,css,25980d2b,Vivian Lin,2025-01-23,17:37:32,-08:00,2025-01-23T17:37:32-08:00,0,0
style.css,218,css,25980d2b,Vivian Lin,2025-01-23,17:37:32,-08:00,2025-01-23T17:37:32-08:00,0,0
style.css,219,css,07bfc06c,Vivian Lin,2025-01-24,14:19:06,-08:00,2025-01-24T14:19:06-08:00,0,14
style.css,220,css,f522208c,Vivian Lin,2025-01-24,10:41:17,-08:00,2025-01-24T10:41:17-08:00,0,18
style.css,221,css,a9885719,Vivian Lin,2025-01-24,10:42:58,-08:00,2025-01-24T10:42:58-08:00,0,9
style.css,222,css,a9885719,Vivian Lin,2025-01-24,10:42:58,-08:00,2025-01-24T10:42:58-08:00,0,11
style.css,223,css,175e568c,Vivian Lin,2025-01-24,10:46:35,-08:00,2025-01-24T10:46:35-08:00,0,0
style.css,224,css,175e568c,Vivian Lin,2025-01-24,10:46:35,-08:00,2025-01-24T10:46:35-08:00,0,7
style.css,225,css,175e568c,Vivian Lin,2025-01-24,10:46:35,-08:00,2025-01-24T10:46:35-08:00,0,20
style.css,226,css,175e568c,Vivian Lin,2025-01-24,10:46:35,-08:00,2025-01-24T10:46:35-08:00,0,14
style.css,227,css,175e568c,Vivian Lin,2025-01-24,10:46:35,-08:00,2025-01-24T10:46:35-08:00,0,0
style.css,228,css,f522208c,Vivian Lin,2025-01-24,10:41:17,-08:00,2025-01-24T10:41:17-08:00,0,0
style.css,229,css,131c1d79,Vivian Lin,2025-02-06,18:06:06,-08:00,2025-02-06T18:06:06-08:00,0,0
style.css,230,css,85885009,Vivian Lin,2025-02-08,09:35:34,-08:00,2025-02-08T09:35:34-08:00,0,23
style.css,231,css,e225239b,Vivian Lin,2025-02-05,18:30:29,-08:00,2025-02-05T18:30:29-08:00,0,19
style.css,232,css,e225239b,Vivian Lin,2025-02-05,18:30:29,-08:00,2025-02-05T18:30:29-08:00,0,15
style.css,233,css,e225239b,Vivian Lin,2025-02-05,18:30:29,-08:00,2025-02-05T18:30:29-08:00,0,17
style.css,234,css,e225239b,Vivian Lin,2025-02-05,18:30:29,-08:00,2025-02-05T18:30:29-08:00,0,17
style.css,235,css,e225239b,Vivian Lin,2025-02-05,18:30:29,-08:00,2025-02-05T18:30:29-08:00,0,0
style.css,236,css,131c1d79,Vivian Lin,2025-02-06,18:06:06,-08:00,2025-02-06T18:06:06-08:00,0,0
style.css,237,css,131c1d79,Vivian Lin,2025-02-06,18:06:06,-08:00,2025-02-06T18:06:06-08:00,0,8
style.css,238,css,85885009,Vivian Lin,2025-02-08,09:35:34,-08:00,2025-02-08T09:35:34-08:00,0,20
style.css,239,css,131c1d79,Vivian Lin,2025-02-06,18:06:06,-08:00,2025-02-06T18:06:06-08:00,0,11
style.css,240,css,131c1d79,Vivian Lin,2025-02-06,18:06:06,-08:00,2025-02-06T18:06:06-08:00,0,19
style.css,241,css,131c1d79,Vivian Lin,2025-02-06,18:06:06,-08:00,2025-02-06T18:06:06-08:00,0,30
style.css,242,css,131c1d79,Vivian Lin,2025-02-06,18:06:06,-08:00,2025-02-06T18:06:06-08:00,0,18
style.css,243,css,131c1d79,Vivian Lin,2025-02-06,18:06:06,-08:00,2025-02-06T18:06:06-08:00,0,0
style.css,244,css,131c1d79,Vivian Lin,2025-02-06,18:06:06,-08:00,2025-02-06T18:06:06-08:00,0,0
style.css,245,css,85885009,Vivian Lin,2025-02-08,09:35:34,-08:00,2025-02-08T09:35:34-08:00,0,4
style.css,246,css,85885009,Vivian Lin,2025-02-08,09:35:34,-08:00,2025-02-08T09:35:34-08:00,0,16
style.css,247,css,85885009,Vivian Lin,2025-02-08,09:35:34,-08:00,2025-02-08T09:35:34-08:00,0,0
style.css,248,css,131c1d79,Vivian Lin,2025-02-06,18:06:06,-08:00,2025-02-06T18:06:06-08:00,0,11
style.css,249,css,85885009,Vivian Lin,2025-02-08,09:35:34,-08:00,2025-02-08T09:35:34-08:00,0,13
style.css,250,css,131c1d79,Vivian Lin,2025-02-06,18:06:06,-08:00,2025-02-06T18:06:06-08:00,0,19
style.css,251,css,131c1d79,Vivian Lin,2025-02-06,18:06:06,-08:00,2025-02-06T18:06:06-08:00,0,8
style.css,252,css,85885009,Vivian Lin,2025-02-08,09:35:34,-08:00,2025-02-08T09:35:34-08:00,0,30
style.css,253,css,131c1d79,Vivian Lin,2025-02-06,18:06:06,-08:00,2025-02-06T18:06:06-08:00,0,0
style.css,254,css,131c1d79,Vivian Lin,2025-02-06,18:06:06,-08:00,2025-02-06T18:06:06-08:00,0,0
style.css,255,css,131c1d79,Vivian Lin,2025-02-06,18:06:06,-08:00,2025-02-06T18:06:06-08:00,0,0
style.css,256,css,85885009,Vivian Lin,2025-02-08,09:35:34,-08:00,2025-02-08T09:35:34-08:00,0,3
style.css,257,css,85885009,Vivian Lin,2025-02-08,09:35:34,-08:00,2025-02-08T09:35:34-08:00,0,13
style.css,258,css,131c1d79,Vivian Lin,2025-02-06,18:06:06,-08:00,2025-02-06T18:06:06-08:00,0,8
style.css,259,css,131c1d79,Vivian Lin,2025-02-06,18:06:06,-08:00,2025-02-06T18:06:06-08:00,0,19
style.css,260,css,131c1d79,Vivian Lin,2025-02-06,18:06:06,-08:00,2025-02-06T18:06:06-08:00,0,33
style.css,261,css,131c1d79,Vivian Lin,2025-02-06,18:06:06,-08:00,2025-02-06T18:06:06-08:00,0,17
style.css,262,css,131c1d79,Vivian Lin,2025-02-06,18:06:06,-08:00,2025-02-06T18:06:06-08:00,0,12
style.css,263,css,131c1d79,Vivian Lin,2025-02-06,18:06:06,-08:00,2025-02-06T18:06:06-08:00,0,13
style.css,264,css,131c1d79,Vivian Lin,2025-02-06,18:06:06,-08:00,2025-02-06T18:06:06-08:00,0,7
style.css,265,css,85885009,Vivian Lin,2025-02-08,09:35:34,-08:00,2025-02-08T09:35:34-08:00,0,15
style.css,266,css,131c1d79,Vivian Lin,2025-02-06,18:06:06,-08:00,2025-02-06T18:06:06-08:00,0,0
style.css,267,css,131c1d79,Vivian Lin,2025-02-06,18:06:06,-08:00,2025-02-06T18:06:06-08:00,0,3
style.css,268,css,131c1d79,Vivian Lin,2025-02-06,18:06:06,-08:00,2025-02-06T18:06:06-08:00,0,13
style.css,269,css,131c1d79,Vivian Lin,2025-02-06,18:06:06,-08:00,2025-02-06T18:06:06-08:00,0,19
style.css,270,css,131c1d79,Vivian Lin,2025-02-06,18:06:06,-08:00,2025-02-06T18:06:06-08:00,0,11
style.css,271,css,131c1d79,Vivian Lin,2025-02-06,18:06:06,-08:00,2025-02-06T18:06:06-08:00,0,0
style.css,272,css,131c1d79,Vivian Lin,2025-02-06,18:06:06,-08:00,2025-02-06T18:06:06-08:00,0,0
style.css,273,css,131c1d79,Vivian Lin,2025-02-06,18:06:06,-08:00,2025-02-06T18:06:06-08:00,0,0
style.css,274,css,131c1d79,Vivian Lin,2025-02-06,18:06:06,-08:00,2025-02-06T18:06:06-08:00,0,0
style.css,275,css,131c1d79,Vivian Lin,2025-02-06,18:06:06,-08:00,2025-02-06T18:06:06-08:00,0,0
style.css,276,css,85885009,Vivian Lin,2025-02-08,09:35:34,-08:00,2025-02-08T09:35:34-08:00,0,0
style.css,277,css,85885009,Vivian Lin,2025-02-08,09:35:34,-08:00,2025-02-08T09:35:34-08:00,0,11
style.css,278,css,85885009,Vivian Lin,2025-02-08,09:35:34,-08:00,2025-02-08T09:35:34-08:00,0,11
style.css,279,css,85885009,Vivian Lin,2025-02-08,09:35:34,-08:00,2025-02-08T09:35:34-08:00,0,12
style.css,280,css,85885009,Vivian Lin,2025-02-08,09:35:34,-08:00,2025-02-08T09:35:34-08:00,0,0
style.css,281,css,07bfc06c,Vivian Lin,2025-01-24,14:19:06,-08:00,2025-01-24T14:19:06-08:00,0,0
style.css,282,css,07bfc06c,Vivian Lin,2025-01-24,14:19:06,-08:00,2025-01-24T14:19:06-08:00,0,0
style.css,283,css,07bfc06c,Vivian Lin,2025-01-24,14:19:06,-08:00,2025-01-24T14:19:06-08:00,0,0
style.css,284,css,bce907f1,Vivian Lin,2025-02-08,14:47:20,-08:00,2025-02-08T14:47:20-08:00,0,18
style.css,285,css,bce907f1,Vivian Lin,2025-02-08,14:47:20,-08:00,2025-02-08T14:47:20-08:00,0,17
style.css,286,css,bce907f1,Vivian Lin,2025-02-08,14:47:20,-08:00,2025-02-08T14:47:20-08:00,0,12
style.css,287,css,bce907f1,Vivian Lin,2025-02-08,14:47:20,-08:00,2025-02-08T14:47:20-08:00,0,0
style.css,288,css,bce907f1,Vivian Lin,2025-02-08,14:47:20,-08:00,2025-02-08T14:47:20-08:00,0,0
style.css,289,css,bce907f1,Vivian Lin,2025-02-08,14:47:20,-08:00,2025-02-08T14:47:20-08:00,0,0
style.css,290,css,bce907f1,Vivian Lin,2025-02-08,14:47:20,-08:00,2025-02-08T14:47:20-08:00,0,5
style.css,291,css,bce907f1,Vivian Lin,2025-02-08,14:47:20,-08:00,2025-02-08T14:47:20-08:00,0,17
style.css,292,css,bce907f1,Vivian Lin,2025-02-08,14:47:20,-08:00,2025-02-08T14:47:20-08:00,0,15
style.css,293,css,bce907f1,Vivian Lin,2025-02-08,14:47:20,-08:00,2025-02-08T14:47:20-08:00,0,0
style.css,294,css,bce907f1,Vivian Lin,2025-02-08,14:47:20,-08:00,2025-02-08T14:47:20-08:00,0,0
style.css,295,css,bce907f1,Vivian Lin,2025-02-08,14:47:20,-08:00,2025-02-08T14:47:20-08:00,0,0
style.css,296,css,bce907f1,Vivian Lin,2025-02-08,14:47:20,-08:00,2025-02-08T14:47:20-08:00,0,10
style.css,297,css,bce907f1,Vivian Lin,2025-02-08,14:47:20,-08:00,2025-02-08T14:47:20-08:00,0,36
style.css,298,css,bce907f1,Vivian Lin,2025-02-08,14:47:20,-08:00,2025-02-08T14:47:20-08:00,0,0
style.css,299,css,bce907f1,Vivian Lin,2025-02-08,14:47:20,-08:00,2025-02-08T14:47:20-08:00,0,11
style.css,300,css,bce907f1,Vivian Lin,2025-02-08,14:47:20,-08:00,2025-02-08T14:47:20-08:00,0,18
style.css,301,css,bce907f1,Vivian Lin,2025-02-08,14:47:20,-08:00,2025-02-08T14:47:20-08:00,0,0
style.css,302,css,bce907f1,Vivian Lin,2025-02-08,14:47:20,-08:00,2025-02-08T14:47:20-08:00,0,0
style.css,303,css,bce907f1,Vivian Lin,2025-02-08,14:47:20,-08:00,2025-02-08T14:47:20-08:00,0,0
style.css,304,css,131c1d79,Vivian Lin,2025-02-06,18:06:06,-08:00,2025-02-06T18:06:06-08:00,0,0
style.css,305,css,131c1d79,Vivian Lin,2025-02-06,18:06:06,-08:00,2025-02-06T18:06:06-08:00,0,0
style.css,306,css,52d0925f,Vivian Lin,2025-01-31,12:18:26,-08:00,2025-01-31T12:18:26-08:00,0,15
style.css,307,css,52d0925f,Vivian Lin,2025-01-31,12:18:26,-08:00,2025-01-31T12:18:26-08:00,0,3
style.css,308,css,52d0925f,Vivian Lin,2025-01-31,12:18:26,-08:00,2025-01-31T12:18:26-08:00,0,13
style.css,309,css,52d0925f,Vivian Lin,2025-01-31,12:18:26,-08:00,2025-01-31T12:18:26-08:00,0,37
style.css,310,css,52d0925f,Vivian Lin,2025-01-31,12:18:26,-08:00,2025-01-31T12:18:26-08:00,0,11
style.css,311,css,52d0925f,Vivian Lin,2025-01-31,12:18:26,-08:00,2025-01-31T12:18:26-08:00,0,20
style.css,312,css,52d0925f,Vivian Lin,2025-01-31,12:18:26,-08:00,2025-01-31T12:18:26-08:00,0,0
style.css,313,css,52d0925f,Vivian Lin,2025-01-31,12:18:26,-08:00,2025-01-31T12:18:26-08:00,0,0
style.css,314,css,52d0925f,Vivian Lin,2025-01-31,12:18:26,-08:00,2025-01-31T12:18:26-08:00,0,3
style.css,315,css,52d0925f,Vivian Lin,2025-01-31,12:18:26,-08:00,2025-01-31T12:18:26-08:00,0,11
style.css,316,css,52d0925f,Vivian Lin,2025-01-31,12:18:26,-08:00,2025-01-31T12:18:26-08:00,0,18
style.css,317,css,52d0925f,Vivian Lin,2025-01-31,12:18:26,-08:00,2025-01-31T12:18:26-08:00,0,0
style.css,318,css,52d0925f,Vivian Lin,2025-01-31,12:18:26,-08:00,2025-01-31T12:18:26-08:00,0,3
style.css,319,css,52d0925f,Vivian Lin,2025-01-31,12:18:26,-08:00,2025-01-31T12:18:26-08:00,0,11
style.css,320,css,52d0925f,Vivian Lin,2025-01-31,12:18:26,-08:00,2025-01-31T12:18:26-08:00,0,18
style.css,321,css,52d0925f,Vivian Lin,2025-01-31,12:18:26,-08:00,2025-01-31T12:18:26-08:00,0,15
style.css,322,css,52d0925f,Vivian Lin,2025-01-31,12:18:26,-08:00,2025-01-31T12:18:26-08:00,0,0
style.css,323,css,52d0925f,Vivian Lin,2025-01-31,12:18:26,-08:00,2025-01-31T12:18:26-08:00,0,0
style.css,324,css,52d0925f,Vivian Lin,2025-01-31,12:18:26,-08:00,2025-01-31T12:18:26-08:00,0,0
style.css,325,css,e225239b,Vivian Lin,2025-02-05,18:30:29,-08:00,2025-02-05T18:30:29-08:00,0,0
style.css,326,css,e225239b,Vivian Lin,2025-02-05,18:30:29,-08:00,2025-02-05T18:30:29-08:00,0,0
style.css,327,css,2762c821,Vivian Lin,2025-01-17,13:49:56,-08:00,2025-01-17T13:49:56-08:00,0,0
index.js,1,js,52d0925f,Vivian Lin,2025-01-31,12:18:26,-08:00,2025-01-31T12:18:26-08:00,0,70
index.js,2,js,52d0925f,Vivian Lin,2025-01-31,12:18:26,-08:00,2025-01-31T12:18:26-08:00,0,55
index.js,3,js,52d0925f,Vivian Lin,2025-01-31,12:18:26,-08:00,2025-01-31T12:18:26-08:00,0,43
index.js,4,js,52d0925f,Vivian Lin,2025-01-31,12:18:26,-08:00,2025-01-31T12:18:26-08:00,0,27
index.js,5,js,52d0925f,Vivian Lin,2025-01-31,12:18:26,-08:00,2025-01-31T12:18:26-08:00,0,61
index.js,6,js,52d0925f,Vivian Lin,2025-01-31,12:18:26,-08:00,2025-01-31T12:18:26-08:00,0,55
index.js,7,js,52d0925f,Vivian Lin,2025-01-31,12:18:26,-08:00,2025-01-31T12:18:26-08:00,0,0
index.js,8,js,52d0925f,Vivian Lin,2025-01-31,12:18:26,-08:00,2025-01-31T12:18:26-08:00,0,55
index.js,9,js,52d0925f,Vivian Lin,2025-01-31,12:18:26,-08:00,2025-01-31T12:18:26-08:00,0,0
index.js,10,js,52d0925f,Vivian Lin,2025-01-31,12:18:26,-08:00,2025-01-31T12:18:26-08:00,0,61
index.js,11,js,52d0925f,Vivian Lin,2025-01-31,12:18:26,-08:00,2025-01-31T12:18:26-08:00,0,18
index.js,12,js,52d0925f,Vivian Lin,2025-01-31,12:18:26,-08:00,2025-01-31T12:18:26-08:00,0,25
index.js,13,js,52d0925f,Vivian Lin,2025-01-31,12:18:26,-08:00,2025-01-31T12:18:26-08:00,0,24
index.js,14,js,52d0925f,Vivian Lin,2025-01-31,12:18:26,-08:00,2025-01-31T12:18:26-08:00,0,3
index.js,15,js,52d0925f,Vivian Lin,2025-01-31,12:18:26,-08:00,2025-01-31T12:18:26-08:00,0,56
index.js,16,js,52d0925f,Vivian Lin,2025-01-31,12:18:26,-08:00,2025-01-31T12:18:26-08:00,0,56
index.js,17,js,52d0925f,Vivian Lin,2025-01-31,12:18:26,-08:00,2025-01-31T12:18:26-08:00,0,50
index.js,18,js,52d0925f,Vivian Lin,2025-01-31,12:18:26,-08:00,2025-01-31T12:18:26-08:00,0,50
index.js,19,js,52d0925f,Vivian Lin,2025-01-31,12:18:26,-08:00,2025-01-31T12:18:26-08:00,0,4
index.js,20,js,52d0925f,Vivian Lin,2025-01-31,12:18:26,-08:00,2025-01-31T12:18:26-08:00,0,1
index.js,21,js,52d0925f,Vivian Lin,2025-01-31,12:18:26,-08:00,2025-01-31T12:18:26-08:00,0,0
index.js,22,js,52d0925f,Vivian Lin,2025-01-31,12:18:26,-08:00,2025-01-31T12:18:26-08:00,0,0
index.html,1,html,a2bbe17b,Vivian Lin,2025-01-08,14:21:53,-08:00,2025-01-08T14:21:53-08:00,0,14
index.html,2,html,5797a4b5,Vivian Lin,2025-01-23,17:22:43,-08:00,2025-01-23T17:22:43-08:00,0,28
index.html,3,html,a2bbe17b,Vivian Lin,2025-01-08,14:21:53,-08:00,2025-01-08T14:21:53-08:00,0,5
index.html,4,html,a2bbe17b,Vivian Lin,2025-01-08,14:21:53,-08:00,2025-01-08T14:21:53-08:00,0,21
index.html,5,html,a2bbe17b,Vivian Lin,2025-01-08,14:21:53,-08:00,2025-01-08T14:21:53-08:00,0,69
index.html,6,html,a2bbe17b,Vivian Lin,2025-01-08,14:21:53,-08:00,2025-01-08T14:21:53-08:00,0,53
index.html,7,html,89db2b86,Vivian Lin,2025-01-08,22:06:37,-08:00,2025-01-08T22:06:37-08:00,0,39
index.html,8,html,07bfc06c,Vivian Lin,2025-01-24,14:19:06,-08:00,2025-01-24T14:19:06-08:00,0,0
index.html,9,html,a2bbe17b,Vivian Lin,2025-01-08,14:21:53,-08:00,2025-01-08T14:21:53-08:00,0,6
index.html,10,html,a2bbe17b,Vivian Lin,2025-01-08,14:21:53,-08:00,2025-01-08T14:21:53-08:00,0,5
index.html,11,html,916af07c,Vivian Lin,2025-01-23,11:52:54,-08:00,2025-01-23T11:52:54-08:00,0,9
index.html,12,html,916af07c,Vivian Lin,2025-01-23,11:52:54,-08:00,2025-01-23T11:52:54-08:00,0,3
index.html,13,html,916af07c,Vivian Lin,2025-01-23,11:52:54,-08:00,2025-01-23T11:52:54-08:00,0,39
index.html,14,html,916af07c,Vivian Lin,2025-01-23,11:52:54,-08:00,2025-01-23T11:52:54-08:00,0,51
index.html,15,html,916af07c,Vivian Lin,2025-01-23,11:52:54,-08:00,2025-01-23T11:52:54-08:00,0,52
index.html,16,html,916af07c,Vivian Lin,2025-01-23,11:52:54,-08:00,2025-01-23T11:52:54-08:00,0,51
index.html,17,html,916af07c,Vivian Lin,2025-01-23,11:52:54,-08:00,2025-01-23T11:52:54-08:00,0,76
index.html,18,html,916af07c,Vivian Lin,2025-01-23,11:52:54,-08:00,2025-01-23T11:52:54-08:00,0,4
index.html,19,html,916af07c,Vivian Lin,2025-01-23,11:52:54,-08:00,2025-01-23T11:52:54-08:00,0,9
index.html,20,html,7eea271d,Vivian Lin,2025-01-10,10:17:32,-08:00,2025-01-10T10:17:32-08:00,0,0
index.html,21,html,df310acf,Vivian Lin,2025-01-09,22:02:12,-08:00,2025-01-09T22:02:12-08:00,0,18
index.html,22,html,52d0925f,Vivian Lin,2025-01-31,12:18:26,-08:00,2025-01-31T12:18:26-08:00,0,0
index.html,23,html,52d0925f,Vivian Lin,2025-01-31,12:18:26,-08:00,2025-01-31T12:18:26-08:00,0,0
index.html,24,html,97a37d30,Vivian Lin,2025-01-08,21:32:31,-08:00,2025-01-08T21:32:31-08:00,0,69
index.html,25,html,538874b9,Vivian Lin,2025-01-08,21:55:37,-08:00,2025-01-08T21:55:37-08:00,0,86
index.html,26,html,f2fee651,Vivian Lin,2025-01-08,21:59:50,-08:00,2025-01-08T21:59:50-08:00,0,96
index.html,27,html,1e1109c9,Vivian Lin,2025-01-08,22:08:08,-08:00,2025-01-08T22:08:08-08:00,0,117
index.html,28,html,f2fee651,Vivian Lin,2025-01-08,21:59:50,-08:00,2025-01-08T21:59:50-08:00,0,3
index.html,29,html,52d0925f,Vivian Lin,2025-01-31,12:18:26,-08:00,2025-01-31T12:18:26-08:00,0,0
index.html,30,html,52d0925f,Vivian Lin,2025-01-31,12:18:26,-08:00,2025-01-31T12:18:26-08:00,0,23
index.html,31,html,52d0925f,Vivian Lin,2025-01-31,12:18:26,-08:00,2025-01-31T12:18:26-08:00,0,21
index.html,32,html,52d0925f,Vivian Lin,2025-01-31,12:18:26,-08:00,2025-01-31T12:18:26-08:00,0,50
index.html,33,html,52d0925f,Vivian Lin,2025-01-31,12:18:26,-08:00,2025-01-31T12:18:26-08:00,0,5
index.html,34,html,52d0925f,Vivian Lin,2025-01-31,12:18:26,-08:00,2025-01-31T12:18:26-08:00,0,29
index.html,35,html,07bfc06c,Vivian Lin,2025-01-24,14:19:06,-08:00,2025-01-24T14:19:06-08:00,0,46
index.html,36,html,52d0925f,Vivian Lin,2025-01-31,12:18:26,-08:00,2025-01-31T12:18:26-08:00,0,51
index.html,37,html,a2bbe17b,Vivian Lin,2025-01-08,14:21:53,-08:00,2025-01-08T14:21:53-08:00,0,6
index.html,38,html,a2bbe17b,Vivian Lin,2025-01-08,14:21:53,-08:00,2025-01-08T14:21:53-08:00,0,6
global.js,1,js,009b4d60,Vivian Lin,2025-01-22,21:15:07,-08:00,2025-01-22T21:15:07-08:00,0,26
global.js,2,js,009b4d60,Vivian Lin,2025-01-22,21:15:07,-08:00,2025-01-22T21:15:07-08:00,0,0
global.js,3,js,009b4d60,Vivian Lin,2025-01-22,21:15:07,-08:00,2025-01-22T21:15:07-08:00,0,42
global.js,4,js,009b4d60,Vivian Lin,2025-01-22,21:15:07,-08:00,2025-01-22T21:15:07-08:00,0,53
global.js,5,js,b5a782ea,Vivian Lin,2025-01-22,22:52:45,-08:00,2025-01-22T22:52:45-08:00,0,0
global.js,6,js,b5a782ea,Vivian Lin,2025-01-22,22:52:45,-08:00,2025-01-22T22:52:45-08:00,0,0
global.js,7,js,2a5fcfd0,Vivian Lin,2025-01-23,17:58:27,-08:00,2025-01-23T17:58:27-08:00,0,0
global.js,8,js,e246b806,Vivian Lin,2025-01-23,11:50:56,-08:00,2025-01-23T11:50:56-08:00,0,12
global.js,9,js,e246b806,Vivian Lin,2025-01-23,11:50:56,-08:00,2025-01-23T11:50:56-08:00,0,26
global.js,10,js,e246b806,Vivian Lin,2025-01-23,11:50:56,-08:00,2025-01-23T11:50:56-08:00,0,39
global.js,11,js,e246b806,Vivian Lin,2025-01-23,11:50:56,-08:00,2025-01-23T11:50:56-08:00,0,37
global.js,12,js,6dd5a69c,Vivian Lin,2025-01-23,11:54:31,-08:00,2025-01-23T11:54:31-08:00,0,34
global.js,13,js,00000000,Not Committed Yet,2025-02-11,21:57:34,-08:00,2025-02-11T21:57:34-08:00,0,30
global.js,14,js,6dd5a69c,Vivian Lin,2025-01-23,11:54:31,-08:00,2025-01-23T11:54:31-08:00,0,58
global.js,15,js,00000000,Not Committed Yet,2025-02-11,21:57:34,-08:00,2025-02-11T21:57:34-08:00,0,0
global.js,16,js,e246b806,Vivian Lin,2025-01-23,11:50:56,-08:00,2025-01-23T11:50:56-08:00,0,1
global.js,17,js,e246b806,Vivian Lin,2025-01-23,11:50:56,-08:00,2025-01-23T11:50:56-08:00,0,0
global.js,18,js,e246b806,Vivian Lin,2025-01-23,11:50:56,-08:00,2025-01-23T11:50:56-08:00,0,39
global.js,19,js,e246b806,Vivian Lin,2025-01-23,11:50:56,-08:00,2025-01-23T11:50:56-08:00,0,26
global.js,20,js,68b5f3a7,Vivian Lin,2025-01-23,16:53:35,-08:00,2025-01-23T16:53:35-08:00,0,71
global.js,21,js,e246b806,Vivian Lin,2025-01-23,11:50:56,-08:00,2025-01-23T11:50:56-08:00,0,0
global.js,22,js,d1fe7492,Vivian Lin,2025-01-23,17:20:32,-08:00,2025-01-23T17:20:32-08:00,0,0
global.js,23,js,e246b806,Vivian Lin,2025-01-23,11:50:56,-08:00,2025-01-23T11:50:56-08:00,0,21
global.js,24,js,e246b806,Vivian Lin,2025-01-23,11:50:56,-08:00,2025-01-23T11:50:56-08:00,0,15
global.js,25,js,e246b806,Vivian Lin,2025-01-23,11:50:56,-08:00,2025-01-23T11:50:56-08:00,0,19
global.js,26,js,d1fe7492,Vivian Lin,2025-01-23,17:20:32,-08:00,2025-01-23T17:20:32-08:00,0,0
global.js,27,js,3bb321e5,Vivian Lin,2025-01-23,17:21:13,-08:00,2025-01-23T17:21:13-08:00,0,65
global.js,28,js,3bb321e5,Vivian Lin,2025-01-23,17:21:13,-08:00,2025-01-23T17:21:13-08:00,0,0
global.js,29,js,3bb321e5,Vivian Lin,2025-01-23,17:21:13,-08:00,2025-01-23T17:21:13-08:00,0,0
global.js,30,js,1a56f6ff,Vivian Lin,2025-01-23,16:49:22,-08:00,2025-01-23T16:49:22-08:00,0,35
global.js,31,js,1a56f6ff,Vivian Lin,2025-01-23,16:49:22,-08:00,2025-01-23T16:49:22-08:00,0,12
global.js,32,js,1a56f6ff,Vivian Lin,2025-01-23,16:49:22,-08:00,2025-01-23T16:49:22-08:00,0,21
global.js,33,js,2a5fcfd0,Vivian Lin,2025-01-23,17:58:27,-08:00,2025-01-23T17:58:27-08:00,0,0
global.js,34,js,2a5fcfd0,Vivian Lin,2025-01-23,17:58:27,-08:00,2025-01-23T17:58:27-08:00,0,66
global.js,35,js,2a5fcfd0,Vivian Lin,2025-01-23,17:58:27,-08:00,2025-01-23T17:58:27-08:00,0,26
global.js,36,js,2a5fcfd0,Vivian Lin,2025-01-23,17:58:27,-08:00,2025-01-23T17:58:27-08:00,0,0
global.js,37,js,dbed8f9a,Vivian Lin,2025-01-23,22:10:20,-08:00,2025-01-23T22:10:20-08:00,0,30
global.js,38,js,dbed8f9a,Vivian Lin,2025-01-23,22:10:20,-08:00,2025-01-23T22:10:20-08:00,0,18
global.js,39,js,dbed8f9a,Vivian Lin,2025-01-23,22:10:20,-08:00,2025-01-23T22:10:20-08:00,0,0
global.js,40,js,1a56f6ff,Vivian Lin,2025-01-23,16:49:22,-08:00,2025-01-23T16:49:22-08:00,0,13
global.js,41,js,25980d2b,Vivian Lin,2025-01-23,17:37:32,-08:00,2025-01-23T17:37:32-08:00,0,0
global.js,42,js,9de0a472,Vivian Lin,2025-01-23,16:51:51,-08:00,2025-01-23T16:51:51-08:00,0,0
global.js,43,js,56c9130a,Vivian Lin,2025-01-24,10:27:48,-08:00,2025-01-24T10:27:48-08:00,0,32
global.js,44,js,56c9130a,Vivian Lin,2025-01-24,10:27:48,-08:00,2025-01-24T10:27:48-08:00,0,12
global.js,45,js,a52d309a,Vivian Lin,2025-01-24,18:16:42,-08:00,2025-01-24T18:16:42-08:00,0,28
global.js,46,js,a52d309a,Vivian Lin,2025-01-24,18:16:42,-08:00,2025-01-24T18:16:42-08:00,0,6
global.js,47,js,56c9130a,Vivian Lin,2025-01-24,10:27:48,-08:00,2025-01-24T10:27:48-08:00,0,5
global.js,48,js,a52d309a,Vivian Lin,2025-01-24,18:16:42,-08:00,2025-01-24T18:16:42-08:00,0,0
global.js,49,js,5d5692e5,Vivian Lin,2025-01-30,18:19:06,-08:00,2025-01-30T18:19:06-08:00,0,25
global.js,50,js,56c9130a,Vivian Lin,2025-01-24,10:27:48,-08:00,2025-01-24T10:27:48-08:00,0,44
global.js,51,js,56c9130a,Vivian Lin,2025-01-24,10:27:48,-08:00,2025-01-24T10:27:48-08:00,0,35
global.js,52,js,56c9130a,Vivian Lin,2025-01-24,10:27:48,-08:00,2025-01-24T10:27:48-08:00,0,33
global.js,53,js,56c9130a,Vivian Lin,2025-01-24,10:27:48,-08:00,2025-01-24T10:27:48-08:00,0,8
global.js,54,js,a52d309a,Vivian Lin,2025-01-24,18:16:42,-08:00,2025-01-24T18:16:42-08:00,0,7
global.js,55,js,a52d309a,Vivian Lin,2025-01-24,18:16:42,-08:00,2025-01-24T18:16:42-08:00,0,6
global.js,56,js,56c9130a,Vivian Lin,2025-01-24,10:27:48,-08:00,2025-01-24T10:27:48-08:00,0,1
global.js,57,js,d2cc1f6d,Vivian Lin,2025-01-24,18:52:15,-08:00,2025-01-24T18:52:15-08:00,0,0
global.js,58,js,d2cc1f6d,Vivian Lin,2025-01-24,18:52:15,-08:00,2025-01-24T18:52:15-08:00,0,0
global.js,59,js,5d5692e5,Vivian Lin,2025-01-30,18:19:06,-08:00,2025-01-30T18:19:06-08:00,0,54
global.js,60,js,5d5692e5,Vivian Lin,2025-01-30,18:19:06,-08:00,2025-01-30T18:19:06-08:00,0,0
global.js,61,js,d2cc1f6d,Vivian Lin,2025-01-24,18:52:15,-08:00,2025-01-24T18:52:15-08:00,0,0
global.js,62,js,d2cc1f6d,Vivian Lin,2025-01-24,18:52:15,-08:00,2025-01-24T18:52:15-08:00,0,35
global.js,63,js,d2cc1f6d,Vivian Lin,2025-01-24,18:52:15,-08:00,2025-01-24T18:52:15-08:00,0,84
global.js,64,js,d2cc1f6d,Vivian Lin,2025-01-24,18:52:15,-08:00,2025-01-24T18:52:15-08:00,0,39
global.js,65,js,78d4cbfe,Vivian Lin,2025-01-30,12:16:13,-08:00,2025-01-30T12:16:13-08:00,0,7
global.js,66,js,78d4cbfe,Vivian Lin,2025-01-30,12:16:13,-08:00,2025-01-30T12:16:13-08:00,0,27
global.js,67,js,d2cc1f6d,Vivian Lin,2025-01-24,18:52:15,-08:00,2025-01-24T18:52:15-08:00,0,0
global.js,68,js,5d5692e5,Vivian Lin,2025-01-30,18:19:06,-08:00,2025-01-30T18:19:06-08:00,0,0
global.js,69,js,5d5692e5,Vivian Lin,2025-01-30,18:19:06,-08:00,2025-01-30T18:19:06-08:00,0,0
global.js,70,js,a52d309a,Vivian Lin,2025-01-24,18:16:42,-08:00,2025-01-24T18:16:42-08:00,0,18
global.js,71,js,07bfc06c,Vivian Lin,2025-01-24,14:19:06,-08:00,2025-01-24T14:19:06-08:00,0,50
global.js,72,js,07bfc06c,Vivian Lin,2025-01-24,14:19:06,-08:00,2025-01-24T14:19:06-08:00,0,58
global.js,73,js,a894751f,Vivian Lin,2025-01-24,14:37:35,-08:00,2025-01-24T14:37:35-08:00,0,78
global.js,74,js,d2cc1f6d,Vivian Lin,2025-01-24,18:52:15,-08:00,2025-01-24T18:52:15-08:00,0,45
global.js,75,js,5d5692e5,Vivian Lin,2025-01-30,18:19:06,-08:00,2025-01-30T18:19:06-08:00,0,33
global.js,76,js,a52d309a,Vivian Lin,2025-01-24,18:16:42,-08:00,2025-01-24T18:16:42-08:00,0,2
global.js,77,js,5da92ab3,Vivian Lin,2025-01-30,12:53:51,-08:00,2025-01-30T12:53:51-08:00,0,0
global.js,78,js,5da92ab3,Vivian Lin,2025-01-30,12:53:51,-08:00,2025-01-30T12:53:51-08:00,0,37
global.js,79,js,5da92ab3,Vivian Lin,2025-01-30,12:53:51,-08:00,2025-01-30T12:53:51-08:00,0,4
global.js,80,js,5da92ab3,Vivian Lin,2025-01-30,12:53:51,-08:00,2025-01-30T12:53:51-08:00,0,40
global.js,81,js,5da92ab3,Vivian Lin,2025-01-30,12:53:51,-08:00,2025-01-30T12:53:51-08:00,0,33
global.js,82,js,5da92ab3,Vivian Lin,2025-01-30,12:53:51,-08:00,2025-01-30T12:53:51-08:00,0,20
global.js,83,js,5da92ab3,Vivian Lin,2025-01-30,12:53:51,-08:00,2025-01-30T12:53:51-08:00,0,0
global.js,84,js,5da92ab3,Vivian Lin,2025-01-30,12:53:51,-08:00,2025-01-30T12:53:51-08:00,0,18
global.js,85,js,5da92ab3,Vivian Lin,2025-01-30,12:53:51,-08:00,2025-01-30T12:53:51-08:00,0,67
global.js,86,js,5da92ab3,Vivian Lin,2025-01-30,12:53:51,-08:00,2025-01-30T12:53:51-08:00,0,0
global.js,87,js,5da92ab3,Vivian Lin,2025-01-30,12:53:51,-08:00,2025-01-30T12:53:51-08:00,0,34
global.js,88,js,5da92ab3,Vivian Lin,2025-01-30,12:53:51,-08:00,2025-01-30T12:53:51-08:00,0,11
global.js,89,js,5da92ab3,Vivian Lin,2025-01-30,12:53:51,-08:00,2025-01-30T12:53:51-08:00,0,0
global.js,90,js,5da92ab3,Vivian Lin,2025-01-30,12:53:51,-08:00,2025-01-30T12:53:51-08:00,0,0
global.js,91,js,5da92ab3,Vivian Lin,2025-01-30,12:53:51,-08:00,2025-01-30T12:53:51-08:00,0,16
global.js,92,js,5da92ab3,Vivian Lin,2025-01-30,12:53:51,-08:00,2025-01-30T12:53:51-08:00,0,60
global.js,93,js,5da92ab3,Vivian Lin,2025-01-30,12:53:51,-08:00,2025-01-30T12:53:51-08:00,0,0
global.js,94,js,5da92ab3,Vivian Lin,2025-01-30,12:53:51,-08:00,2025-01-30T12:53:51-08:00,0,0
global.js,95,js,5d5692e5,Vivian Lin,2025-01-30,18:19:06,-08:00,2025-01-30T18:19:06-08:00,0,0
global.js,96,js,5d5692e5,Vivian Lin,2025-01-30,18:19:06,-08:00,2025-01-30T18:19:06-08:00,0,57
global.js,97,js,5d5692e5,Vivian Lin,2025-01-30,18:19:06,-08:00,2025-01-30T18:19:06-08:00,0,0
global.js,98,js,5d5692e5,Vivian Lin,2025-01-30,18:19:06,-08:00,2025-01-30T18:19:06-08:00,0,79
global.js,99,js,5d5692e5,Vivian Lin,2025-01-30,18:19:06,-08:00,2025-01-30T18:19:06-08:00,0,24
global.js,100,js,5d5692e5,Vivian Lin,2025-01-30,18:19:06,-08:00,2025-01-30T18:19:06-08:00,0,31
global.js,101,js,64feed36,Vivian Lin,2025-01-30,19:20:24,-08:00,2025-01-30T19:20:24-08:00,0,22
global.js,102,js,64feed36,Vivian Lin,2025-01-30,19:20:24,-08:00,2025-01-30T19:20:24-08:00,0,0
global.js,103,js,affda9ff,Vivian Lin,2025-01-30,21:19:35,-08:00,2025-01-30T21:19:35-08:00,0,10
global.js,104,js,affda9ff,Vivian Lin,2025-01-30,21:19:35,-08:00,2025-01-30T21:19:35-08:00,0,13
global.js,105,js,affda9ff,Vivian Lin,2025-01-30,21:19:35,-08:00,2025-01-30T21:19:35-08:00,0,61
global.js,106,js,affda9ff,Vivian Lin,2025-01-30,21:19:35,-08:00,2025-01-30T21:19:35-08:00,0,62
global.js,107,js,52d0925f,Vivian Lin,2025-01-31,12:18:26,-08:00,2025-01-31T12:18:26-08:00,0,0
global.js,108,js,52d0925f,Vivian Lin,2025-01-31,12:18:26,-08:00,2025-01-31T12:18:26-08:00,0,17
global.js,109,js,52d0925f,Vivian Lin,2025-01-31,12:18:26,-08:00,2025-01-31T12:18:26-08:00,0,26
global.js,110,js,52d0925f,Vivian Lin,2025-01-31,12:18:26,-08:00,2025-01-31T12:18:26-08:00,0,0
global.js,111,js,52d0925f,Vivian Lin,2025-01-31,12:18:26,-08:00,2025-01-31T12:18:26-08:00,0,0
global.js,112,js,affda9ff,Vivian Lin,2025-01-30,21:19:35,-08:00,2025-01-30T21:19:35-08:00,0,0
global.js,113,js,64feed36,Vivian Lin,2025-01-30,19:20:24,-08:00,2025-01-30T19:20:24-08:00,0,23
global.js,114,js,64feed36,Vivian Lin,2025-01-30,19:20:24,-08:00,2025-01-30T19:20:24-08:00,0,49
global.js,115,js,64feed36,Vivian Lin,2025-01-30,19:20:24,-08:00,2025-01-30T19:20:24-08:00,0,20
global.js,116,js,64feed36,Vivian Lin,2025-01-30,19:20:24,-08:00,2025-01-30T19:20:24-08:00,0,53
global.js,117,js,64feed36,Vivian Lin,2025-01-30,19:20:24,-08:00,2025-01-30T19:20:24-08:00,0,57
global.js,118,js,e225239b,Vivian Lin,2025-02-05,18:30:29,-08:00,2025-02-05T18:30:29-08:00,0,4
global.js,119,js,e225239b,Vivian Lin,2025-02-05,18:30:29,-08:00,2025-02-05T18:30:29-08:00,0,43
global.js,120,js,e225239b,Vivian Lin,2025-02-05,18:30:29,-08:00,2025-02-05T18:30:29-08:00,0,31
global.js,121,js,e225239b,Vivian Lin,2025-02-05,18:30:29,-08:00,2025-02-05T18:30:29-08:00,0,5
global.js,122,js,e225239b,Vivian Lin,2025-02-05,18:30:29,-08:00,2025-02-05T18:30:29-08:00,0,0
global.js,123,js,64feed36,Vivian Lin,2025-01-30,19:20:24,-08:00,2025-01-30T19:20:24-08:00,0,1
global.js,124,js,64feed36,Vivian Lin,2025-01-30,19:20:24,-08:00,2025-01-30T19:20:24-08:00,0,37
global.js,125,js,affda9ff,Vivian Lin,2025-01-30,21:19:35,-08:00,2025-01-30T21:19:35-08:00,0,8
global.js,126,js,64feed36,Vivian Lin,2025-01-30,19:20:24,-08:00,2025-01-30T19:20:24-08:00,0,0
global.js,127,js,affda9ff,Vivian Lin,2025-01-30,21:19:35,-08:00,2025-01-30T21:19:35-08:00,0,0
global.js,128,js,635803e0,Vivian Lin,2025-01-31,18:16:41,-08:00,2025-01-31T18:16:41-08:00,0,13
global.js,129,js,52d0925f,Vivian Lin,2025-01-31,12:18:26,-08:00,2025-01-31T12:18:26-08:00,0,17
global.js,130,js,52d0925f,Vivian Lin,2025-01-31,12:18:26,-08:00,2025-01-31T12:18:26-08:00,0,42
global.js,131,js,52d0925f,Vivian Lin,2025-01-31,12:18:26,-08:00,2025-01-31T12:18:26-08:00,0,37
global.js,132,js,52d0925f,Vivian Lin,2025-01-31,12:18:26,-08:00,2025-01-31T12:18:26-08:00,0,30
global.js,133,js,52d0925f,Vivian Lin,2025-01-31,12:18:26,-08:00,2025-01-31T12:18:26-08:00,0,0
global.js,134,js,52d0925f,Vivian Lin,2025-01-31,12:18:26,-08:00,2025-01-31T12:18:26-08:00,0,0
global.js,135,js,5d5692e5,Vivian Lin,2025-01-30,18:19:06,-08:00,2025-01-30T18:19:06-08:00,0,0
global.js,136,js,5d5692e5,Vivian Lin,2025-01-30,18:19:06,-08:00,2025-01-30T18:19:06-08:00,0,0
global.js,137,js,52d0925f,Vivian Lin,2025-01-31,12:18:26,-08:00,2025-01-31T12:18:26-08:00,0,48
global.js,138,js,52d0925f,Vivian Lin,2025-01-31,12:18:26,-08:00,2025-01-31T12:18:26-08:00,0,23
global.js,139,js,52d0925f,Vivian Lin,2025-01-31,12:18:26,-08:00,2025-01-31T12:18:26-08:00,0,60
global.js,140,js,52d0925f,Vivian Lin,2025-01-31,12:18:26,-08:00,2025-01-31T12:18:26-08:00,0,0
global.js,141,js,52d0925f,Vivian Lin,2025-01-31,12:18:26,-08:00,2025-01-31T12:18:26-08:00,0,0
global.js,142,js,52d0925f,Vivian Lin,2025-01-31,12:18:26,-08:00,2025-01-31T12:18:26-08:00,0,0
global.js,143,js,5d5692e5,Vivian Lin,2025-01-30,18:19:06,-08:00,2025-01-30T18:19:06-08:00,0,17
global.js,144,js,5d5692e5,Vivian Lin,2025-01-30,18:19:06,-08:00,2025-01-30T18:19:06-08:00,0,40
global.js,145,js,5d5692e5,Vivian Lin,2025-01-30,18:19:06,-08:00,2025-01-30T18:19:06-08:00,0,71
global.js,146,js,5d5692e5,Vivian Lin,2025-01-30,18:19:06,-08:00,2025-01-30T18:19:06-08:00,0,244
global.js,147,js,5d5692e5,Vivian Lin,2025-01-30,18:19:06,-08:00,2025-01-30T18:19:06-08:00,0,3
global.js,148,js,5d5692e5,Vivian Lin,2025-01-30,18:19:06,-08:00,2025-01-30T18:19:06-08:00,0,0
global.js,149,js,5d5692e5,Vivian Lin,2025-01-30,18:19:06,-08:00,2025-01-30T18:19:06-08:00,0,20
global.js,150,js,5d5692e5,Vivian Lin,2025-01-30,18:19:06,-08:00,2025-01-30T18:19:06-08:00,0,62
global.js,151,js,5d5692e5,Vivian Lin,2025-01-30,18:19:06,-08:00,2025-01-30T18:19:06-08:00,0,34
global.js,152,js,5d5692e5,Vivian Lin,2025-01-30,18:19:06,-08:00,2025-01-30T18:19:06-08:00,0,57
global.js,153,js,5d5692e5,Vivian Lin,2025-01-30,18:19:06,-08:00,2025-01-30T18:19:06-08:00,0,31
resume/index.html,1,html,7eea271d,Vivian Lin,2025-01-10,10:17:32,-08:00,2025-01-10T10:17:32-08:00,0,14
resume/index.html,2,html,7eea271d,Vivian Lin,2025-01-10,10:17:32,-08:00,2025-01-10T10:17:32-08:00,0,15
resume/index.html,3,html,7eea271d,Vivian Lin,2025-01-10,10:17:32,-08:00,2025-01-10T10:17:32-08:00,0,5
resume/index.html,4,html,7eea271d,Vivian Lin,2025-01-10,10:17:32,-08:00,2025-01-10T10:17:32-08:00,0,21
resume/index.html,5,html,7eea271d,Vivian Lin,2025-01-10,10:17:32,-08:00,2025-01-10T10:17:32-08:00,0,69
resume/index.html,6,html,7eea271d,Vivian Lin,2025-01-10,10:17:32,-08:00,2025-01-10T10:17:32-08:00,0,33
resume/index.html,7,html,7eea271d,Vivian Lin,2025-01-10,10:17:32,-08:00,2025-01-10T10:17:32-08:00,0,42
resume/index.html,8,html,07bfc06c,Vivian Lin,2025-01-24,14:19:06,-08:00,2025-01-24T14:19:06-08:00,0,0
resume/index.html,9,html,7eea271d,Vivian Lin,2025-01-10,10:17:32,-08:00,2025-01-10T10:17:32-08:00,0,6
resume/index.html,10,html,7eea271d,Vivian Lin,2025-01-10,10:17:32,-08:00,2025-01-10T10:17:32-08:00,0,5
resume/index.html,11,html,916af07c,Vivian Lin,2025-01-23,11:52:54,-08:00,2025-01-23T11:52:54-08:00,0,9
resume/index.html,12,html,916af07c,Vivian Lin,2025-01-23,11:52:54,-08:00,2025-01-23T11:52:54-08:00,0,3
resume/index.html,13,html,916af07c,Vivian Lin,2025-01-23,11:52:54,-08:00,2025-01-23T11:52:54-08:00,0,40
resume/index.html,14,html,916af07c,Vivian Lin,2025-01-23,11:52:54,-08:00,2025-01-23T11:52:54-08:00,0,52
resume/index.html,15,html,916af07c,Vivian Lin,2025-01-23,11:52:54,-08:00,2025-01-23T11:52:54-08:00,0,54
resume/index.html,16,html,916af07c,Vivian Lin,2025-01-23,11:52:54,-08:00,2025-01-23T11:52:54-08:00,0,44
resume/index.html,17,html,916af07c,Vivian Lin,2025-01-23,11:52:54,-08:00,2025-01-23T11:52:54-08:00,0,76
resume/index.html,18,html,916af07c,Vivian Lin,2025-01-23,11:52:54,-08:00,2025-01-23T11:52:54-08:00,0,4
resume/index.html,19,html,916af07c,Vivian Lin,2025-01-23,11:52:54,-08:00,2025-01-23T11:52:54-08:00,0,9
resume/index.html,20,html,7eea271d,Vivian Lin,2025-01-10,10:17:32,-08:00,2025-01-10T10:17:32-08:00,0,23
resume/index.html,21,html,2762c821,Vivian Lin,2025-01-17,13:49:56,-08:00,2025-01-17T13:49:56-08:00,0,22
resume/index.html,22,html,2762c821,Vivian Lin,2025-01-17,13:49:56,-08:00,2025-01-17T13:49:56-08:00,0,23
resume/index.html,23,html,7eea271d,Vivian Lin,2025-01-10,10:17:32,-08:00,2025-01-10T10:17:32-08:00,0,8
resume/index.html,24,html,2762c821,Vivian Lin,2025-01-17,13:49:56,-08:00,2025-01-17T13:49:56-08:00,0,15
resume/index.html,25,html,2762c821,Vivian Lin,2025-01-17,13:49:56,-08:00,2025-01-17T13:49:56-08:00,0,28
resume/index.html,26,html,2762c821,Vivian Lin,2025-01-17,13:49:56,-08:00,2025-01-17T13:49:56-08:00,0,36
resume/index.html,27,html,2762c821,Vivian Lin,2025-01-17,13:49:56,-08:00,2025-01-17T13:49:56-08:00,0,79
resume/index.html,28,html,2762c821,Vivian Lin,2025-01-17,13:49:56,-08:00,2025-01-17T13:49:56-08:00,0,57
resume/index.html,29,html,7eea271d,Vivian Lin,2025-01-10,10:17:32,-08:00,2025-01-10T10:17:32-08:00,0,0
resume/index.html,30,html,7eea271d,Vivian Lin,2025-01-10,10:17:32,-08:00,2025-01-10T10:17:32-08:00,0,9
resume/index.html,31,html,7eea271d,Vivian Lin,2025-01-10,10:17:32,-08:00,2025-01-10T10:17:32-08:00,0,0
resume/index.html,32,html,2762c821,Vivian Lin,2025-01-17,13:49:56,-08:00,2025-01-17T13:49:56-08:00,0,9
resume/index.html,33,html,2762c821,Vivian Lin,2025-01-17,13:49:56,-08:00,2025-01-17T13:49:56-08:00,0,23
resume/index.html,34,html,7eea271d,Vivian Lin,2025-01-10,10:17:32,-08:00,2025-01-10T10:17:32-08:00,0,8
resume/index.html,35,html,2762c821,Vivian Lin,2025-01-17,13:49:56,-08:00,2025-01-17T13:49:56-08:00,0,15
resume/index.html,36,html,2762c821,Vivian Lin,2025-01-17,13:49:56,-08:00,2025-01-17T13:49:56-08:00,0,110
resume/index.html,37,html,2762c821,Vivian Lin,2025-01-17,13:49:56,-08:00,2025-01-17T13:49:56-08:00,0,88
resume/index.html,38,html,2762c821,Vivian Lin,2025-01-17,13:49:56,-08:00,2025-01-17T13:49:56-08:00,0,112
resume/index.html,39,html,2762c821,Vivian Lin,2025-01-17,13:49:56,-08:00,2025-01-17T13:49:56-08:00,0,99
resume/index.html,40,html,2762c821,Vivian Lin,2025-01-17,13:49:56,-08:00,2025-01-17T13:49:56-08:00,0,95
resume/index.html,41,html,2762c821,Vivian Lin,2025-01-17,13:49:56,-08:00,2025-01-17T13:49:56-08:00,0,53
resume/index.html,42,html,7eea271d,Vivian Lin,2025-01-10,10:17:32,-08:00,2025-01-10T10:17:32-08:00,0,9
resume/index.html,43,html,2762c821,Vivian Lin,2025-01-17,13:49:56,-08:00,2025-01-17T13:49:56-08:00,0,9
resume/index.html,44,html,7eea271d,Vivian Lin,2025-01-10,10:17:32,-08:00,2025-01-10T10:17:32-08:00,0,9
resume/index.html,45,html,2762c821,Vivian Lin,2025-01-17,13:49:56,-08:00,2025-01-17T13:49:56-08:00,0,0
resume/index.html,46,html,7eea271d,Vivian Lin,2025-01-10,10:17:32,-08:00,2025-01-10T10:17:32-08:00,0,0
resume/index.html,47,html,2762c821,Vivian Lin,2025-01-17,13:49:56,-08:00,2025-01-17T13:49:56-08:00,0,28
resume/index.html,48,html,2762c821,Vivian Lin,2025-01-17,13:49:56,-08:00,2025-01-17T13:49:56-08:00,0,19
resume/index.html,49,html,7eea271d,Vivian Lin,2025-01-10,10:17:32,-08:00,2025-01-10T10:17:32-08:00,0,8
resume/index.html,50,html,2762c821,Vivian Lin,2025-01-17,13:49:56,-08:00,2025-01-17T13:49:56-08:00,0,118
resume/index.html,51,html,2762c821,Vivian Lin,2025-01-17,13:49:56,-08:00,2025-01-17T13:49:56-08:00,0,46
resume/index.html,52,html,2762c821,Vivian Lin,2025-01-17,13:49:56,-08:00,2025-01-17T13:49:56-08:00,0,3
resume/index.html,53,html,2762c821,Vivian Lin,2025-01-17,13:49:56,-08:00,2025-01-17T13:49:56-08:00,0,59
resume/index.html,54,html,2762c821,Vivian Lin,2025-01-17,13:49:56,-08:00,2025-01-17T13:49:56-08:00,0,85
resume/index.html,55,html,2762c821,Vivian Lin,2025-01-17,13:49:56,-08:00,2025-01-17T13:49:56-08:00,0,173
resume/index.html,56,html,2762c821,Vivian Lin,2025-01-17,13:49:56,-08:00,2025-01-17T13:49:56-08:00,0,171
resume/index.html,57,html,2762c821,Vivian Lin,2025-01-17,13:49:56,-08:00,2025-01-17T13:49:56-08:00,0,4
resume/index.html,58,html,7eea271d,Vivian Lin,2025-01-10,10:17:32,-08:00,2025-01-10T10:17:32-08:00,0,9
resume/index.html,59,html,7eea271d,Vivian Lin,2025-01-10,10:17:32,-08:00,2025-01-10T10:17:32-08:00,0,0
resume/index.html,60,html,7eea271d,Vivian Lin,2025-01-10,10:17:32,-08:00,2025-01-10T10:17:32-08:00,0,8
resume/index.html,61,html,2762c821,Vivian Lin,2025-01-17,13:49:56,-08:00,2025-01-17T13:49:56-08:00,0,74
resume/index.html,62,html,2762c821,Vivian Lin,2025-01-17,13:49:56,-08:00,2025-01-17T13:49:56-08:00,0,65
resume/index.html,63,html,2762c821,Vivian Lin,2025-01-17,13:49:56,-08:00,2025-01-17T13:49:56-08:00,0,3
resume/index.html,64,html,2762c821,Vivian Lin,2025-01-17,13:49:56,-08:00,2025-01-17T13:49:56-08:00,0,182
resume/index.html,65,html,2762c821,Vivian Lin,2025-01-17,13:49:56,-08:00,2025-01-17T13:49:56-08:00,0,140
resume/index.html,66,html,2762c821,Vivian Lin,2025-01-17,13:49:56,-08:00,2025-01-17T13:49:56-08:00,0,79
resume/index.html,67,html,2762c821,Vivian Lin,2025-01-17,13:49:56,-08:00,2025-01-17T13:49:56-08:00,0,85
resume/index.html,68,html,2762c821,Vivian Lin,2025-01-17,13:49:56,-08:00,2025-01-17T13:49:56-08:00,0,4
resume/index.html,69,html,7eea271d,Vivian Lin,2025-01-10,10:17:32,-08:00,2025-01-10T10:17:32-08:00,0,9
resume/index.html,70,html,2762c821,Vivian Lin,2025-01-17,13:49:56,-08:00,2025-01-17T13:49:56-08:00,0,0
resume/index.html,71,html,2762c821,Vivian Lin,2025-01-17,13:49:56,-08:00,2025-01-17T13:49:56-08:00,0,0
resume/index.html,72,html,2762c821,Vivian Lin,2025-01-17,13:49:56,-08:00,2025-01-17T13:49:56-08:00,0,0
resume/index.html,73,html,2762c821,Vivian Lin,2025-01-17,13:49:56,-08:00,2025-01-17T13:49:56-08:00,0,9
resume/index.html,74,html,2762c821,Vivian Lin,2025-01-17,13:49:56,-08:00,2025-01-17T13:49:56-08:00,0,0
resume/index.html,75,html,ffc86c6e,Vivian Lin,2025-01-17,14:03:58,-08:00,2025-01-17T14:03:58-08:00,0,26
resume/index.html,76,html,ffc86c6e,Vivian Lin,2025-01-17,14:03:58,-08:00,2025-01-17T14:03:58-08:00,0,23
resume/index.html,77,html,ffc86c6e,Vivian Lin,2025-01-17,14:03:58,-08:00,2025-01-17T14:03:58-08:00,0,17
resume/index.html,78,html,ffc86c6e,Vivian Lin,2025-01-17,14:03:58,-08:00,2025-01-17T14:03:58-08:00,0,0
resume/index.html,79,html,ffc86c6e,Vivian Lin,2025-01-17,14:03:58,-08:00,2025-01-17T14:03:58-08:00,0,7
resume/index.html,80,html,ffc86c6e,Vivian Lin,2025-01-17,14:03:58,-08:00,2025-01-17T14:03:58-08:00,0,43
resume/index.html,81,html,ffc86c6e,Vivian Lin,2025-01-17,14:03:58,-08:00,2025-01-17T14:03:58-08:00,0,73
resume/index.html,82,html,ffc86c6e,Vivian Lin,2025-01-17,14:03:58,-08:00,2025-01-17T14:03:58-08:00,0,68
resume/index.html,83,html,ffc86c6e,Vivian Lin,2025-01-17,14:03:58,-08:00,2025-01-17T14:03:58-08:00,0,8
resume/index.html,84,html,ffc86c6e,Vivian Lin,2025-01-17,14:03:58,-08:00,2025-01-17T14:03:58-08:00,0,0
resume/index.html,85,html,ffc86c6e,Vivian Lin,2025-01-17,14:03:58,-08:00,2025-01-17T14:03:58-08:00,0,0
resume/index.html,86,html,ffc86c6e,Vivian Lin,2025-01-17,14:03:58,-08:00,2025-01-17T14:03:58-08:00,0,7
resume/index.html,87,html,ffc86c6e,Vivian Lin,2025-01-17,14:03:58,-08:00,2025-01-17T14:03:58-08:00,0,28
resume/index.html,88,html,ffc86c6e,Vivian Lin,2025-01-17,14:03:58,-08:00,2025-01-17T14:03:58-08:00,0,68
resume/index.html,89,html,ffc86c6e,Vivian Lin,2025-01-17,14:03:58,-08:00,2025-01-17T14:03:58-08:00,0,25
resume/index.html,90,html,ffc86c6e,Vivian Lin,2025-01-17,14:03:58,-08:00,2025-01-17T14:03:58-08:00,0,8
resume/index.html,91,html,ffc86c6e,Vivian Lin,2025-01-17,14:03:58,-08:00,2025-01-17T14:03:58-08:00,0,0
resume/index.html,92,html,ffc86c6e,Vivian Lin,2025-01-17,14:03:58,-08:00,2025-01-17T14:03:58-08:00,0,9
resume/index.html,93,html,ffc86c6e,Vivian Lin,2025-01-17,14:03:58,-08:00,2025-01-17T14:03:58-08:00,0,0
resume/index.html,94,html,ffc86c6e,Vivian Lin,2025-01-17,14:03:58,-08:00,2025-01-17T14:03:58-08:00,0,23
resume/index.html,95,html,ffc86c6e,Vivian Lin,2025-01-17,14:03:58,-08:00,2025-01-17T14:03:58-08:00,0,24
resume/index.html,96,html,ffc86c6e,Vivian Lin,2025-01-17,14:03:58,-08:00,2025-01-17T14:03:58-08:00,0,3
resume/index.html,97,html,ffc86c6e,Vivian Lin,2025-01-17,14:03:58,-08:00,2025-01-17T14:03:58-08:00,0,44
resume/index.html,98,html,ffc86c6e,Vivian Lin,2025-01-17,14:03:58,-08:00,2025-01-17T14:03:58-08:00,0,41
resume/index.html,99,html,ffc86c6e,Vivian Lin,2025-01-17,14:03:58,-08:00,2025-01-17T14:03:58-08:00,0,56
resume/index.html,100,html,ffc86c6e,Vivian Lin,2025-01-17,14:03:58,-08:00,2025-01-17T14:03:58-08:00,0,59
resume/index.html,101,html,ffc86c6e,Vivian Lin,2025-01-17,14:03:58,-08:00,2025-01-17T14:03:58-08:00,0,58
resume/index.html,102,html,ffc86c6e,Vivian Lin,2025-01-17,14:03:58,-08:00,2025-01-17T14:03:58-08:00,0,42
resume/index.html,103,html,ffc86c6e,Vivian Lin,2025-01-17,14:03:58,-08:00,2025-01-17T14:03:58-08:00,0,33
resume/index.html,104,html,ffc86c6e,Vivian Lin,2025-01-17,14:03:58,-08:00,2025-01-17T14:03:58-08:00,0,31
resume/index.html,105,html,ffc86c6e,Vivian Lin,2025-01-17,14:03:58,-08:00,2025-01-17T14:03:58-08:00,0,89
resume/index.html,106,html,ffc86c6e,Vivian Lin,2025-01-17,14:03:58,-08:00,2025-01-17T14:03:58-08:00,0,9
resume/index.html,107,html,7eea271d,Vivian Lin,2025-01-10,10:17:32,-08:00,2025-01-10T10:17:32-08:00,0,9
resume/index.html,108,html,07bfc06c,Vivian Lin,2025-01-24,14:19:06,-08:00,2025-01-24T14:19:06-08:00,0,49
resume/index.html,109,html,7eea271d,Vivian Lin,2025-01-10,10:17:32,-08:00,2025-01-10T10:17:32-08:00,0,6
resume/index.html,110,html,7eea271d,Vivian Lin,2025-01-10,10:17:32,-08:00,2025-01-10T10:17:32-08:00,0,6
projects/projects.js,1,js,64feed36,Vivian Lin,2025-01-30,19:20:24,-08:00,2025-01-30T19:20:24-08:00,0,56
projects/projects.js,2,js,e225239b,Vivian Lin,2025-02-05,18:30:29,-08:00,2025-02-05T18:30:29-08:00,0,64
projects/projects.js,3,js,64feed36,Vivian Lin,2025-01-30,19:20:24,-08:00,2025-01-30T19:20:24-08:00,0,56
projects/projects.js,4,js,64feed36,Vivian Lin,2025-01-30,19:20:24,-08:00,2025-01-30T19:20:24-08:00,0,61
projects/projects.js,5,js,affda9ff,Vivian Lin,2025-01-30,21:19:35,-08:00,2025-01-30T21:19:35-08:00,0,23
projects/projects.js,6,js,64feed36,Vivian Lin,2025-01-30,19:20:24,-08:00,2025-01-30T19:20:24-08:00,0,49
projects/projects.js,7,js,e225239b,Vivian Lin,2025-02-05,18:30:29,-08:00,2025-02-05T18:30:29-08:00,0,0
projects/projects.js,8,js,b40c0405,Vivian Lin,2025-02-08,19:07:51,-08:00,2025-02-08T19:07:51-08:00,0,23
projects/projects.js,9,js,b40c0405,Vivian Lin,2025-02-08,19:07:51,-08:00,2025-02-08T19:07:51-08:00,0,22
projects/projects.js,10,js,00000000,Not Committed Yet,2025-02-11,21:57:34,-08:00,2025-02-11T21:57:34-08:00,0,19
projects/projects.js,11,js,85885009,Vivian Lin,2025-02-08,09:35:34,-08:00,2025-02-08T09:35:34-08:00,0,39
projects/projects.js,12,js,85885009,Vivian Lin,2025-02-08,09:35:34,-08:00,2025-02-08T09:35:34-08:00,0,58
projects/projects.js,13,js,85885009,Vivian Lin,2025-02-08,09:35:34,-08:00,2025-02-08T09:35:34-08:00,0,27
projects/projects.js,14,js,85885009,Vivian Lin,2025-02-08,09:35:34,-08:00,2025-02-08T09:35:34-08:00,0,13
projects/projects.js,15,js,85885009,Vivian Lin,2025-02-08,09:35:34,-08:00,2025-02-08T09:35:34-08:00,0,15
projects/projects.js,16,js,85885009,Vivian Lin,2025-02-08,09:35:34,-08:00,2025-02-08T09:35:34-08:00,0,13
projects/projects.js,17,js,85885009,Vivian Lin,2025-02-08,09:35:34,-08:00,2025-02-08T09:35:34-08:00,0,1
projects/projects.js,18,js,85885009,Vivian Lin,2025-02-08,09:35:34,-08:00,2025-02-08T09:35:34-08:00,0,0
projects/projects.js,19,js,85885009,Vivian Lin,2025-02-08,09:35:34,-08:00,2025-02-08T09:35:34-08:00,0,45
projects/projects.js,20,js,85885009,Vivian Lin,2025-02-08,09:35:34,-08:00,2025-02-08T09:35:34-08:00,0,36
projects/projects.js,21,js,b40c0405,Vivian Lin,2025-02-08,19:07:51,-08:00,2025-02-08T19:07:51-08:00,0,0
projects/projects.js,22,js,85885009,Vivian Lin,2025-02-08,09:35:34,-08:00,2025-02-08T09:35:34-08:00,0,2
projects/projects.js,23,js,b40c0405,Vivian Lin,2025-02-08,19:07:51,-08:00,2025-02-08T19:07:51-08:00,0,20
projects/projects.js,24,js,85885009,Vivian Lin,2025-02-08,09:35:34,-08:00,2025-02-08T09:35:34-08:00,0,51
projects/projects.js,25,js,85885009,Vivian Lin,2025-02-08,09:35:34,-08:00,2025-02-08T09:35:34-08:00,0,34
projects/projects.js,26,js,85885009,Vivian Lin,2025-02-08,09:35:34,-08:00,2025-02-08T09:35:34-08:00,0,46
projects/projects.js,27,js,85885009,Vivian Lin,2025-02-08,09:35:34,-08:00,2025-02-08T09:35:34-08:00,0,0
projects/projects.js,28,js,85885009,Vivian Lin,2025-02-08,09:35:34,-08:00,2025-02-08T09:35:34-08:00,0,51
projects/projects.js,29,js,85885009,Vivian Lin,2025-02-08,09:35:34,-08:00,2025-02-08T09:35:34-08:00,0,0
projects/projects.js,30,js,b40c0405,Vivian Lin,2025-02-08,19:07:51,-08:00,2025-02-08T19:07:51-08:00,0,0
projects/projects.js,31,js,85885009,Vivian Lin,2025-02-08,09:35:34,-08:00,2025-02-08T09:35:34-08:00,0,28
projects/projects.js,32,js,85885009,Vivian Lin,2025-02-08,09:35:34,-08:00,2025-02-08T09:35:34-08:00,0,33
projects/projects.js,33,js,85885009,Vivian Lin,2025-02-08,09:35:34,-08:00,2025-02-08T09:35:34-08:00,0,0
projects/projects.js,34,js,85885009,Vivian Lin,2025-02-08,09:35:34,-08:00,2025-02-08T09:35:34-08:00,0,27
projects/projects.js,35,js,85885009,Vivian Lin,2025-02-08,09:35:34,-08:00,2025-02-08T09:35:34-08:00,0,55
projects/projects.js,36,js,85885009,Vivian Lin,2025-02-08,09:35:34,-08:00,2025-02-08T09:35:34-08:00,0,63
projects/projects.js,37,js,85885009,Vivian Lin,2025-02-08,09:35:34,-08:00,2025-02-08T09:35:34-08:00,0,1
projects/projects.js,38,js,b40c0405,Vivian Lin,2025-02-08,19:07:51,-08:00,2025-02-08T19:07:51-08:00,0,19
projects/projects.js,39,js,85885009,Vivian Lin,2025-02-08,09:35:34,-08:00,2025-02-08T09:35:34-08:00,0,0
projects/projects.js,40,js,85885009,Vivian Lin,2025-02-08,09:35:34,-08:00,2025-02-08T09:35:34-08:00,0,33
projects/projects.js,41,js,85885009,Vivian Lin,2025-02-08,09:35:34,-08:00,2025-02-08T09:35:34-08:00,0,0
projects/projects.js,42,js,85885009,Vivian Lin,2025-02-08,09:35:34,-08:00,2025-02-08T09:35:34-08:00,0,31
projects/projects.js,43,js,85885009,Vivian Lin,2025-02-08,09:35:34,-08:00,2025-02-08T09:35:34-08:00,0,0
projects/projects.js,44,js,85885009,Vivian Lin,2025-02-08,09:35:34,-08:00,2025-02-08T09:35:34-08:00,0,25
projects/projects.js,45,js,85885009,Vivian Lin,2025-02-08,09:35:34,-08:00,2025-02-08T09:35:34-08:00,0,18
projects/projects.js,46,js,85885009,Vivian Lin,2025-02-08,09:35:34,-08:00,2025-02-08T09:35:34-08:00,0,94
projects/projects.js,47,js,85885009,Vivian Lin,2025-02-08,09:35:34,-08:00,2025-02-08T09:35:34-08:00,0,100
projects/projects.js,48,js,85885009,Vivian Lin,2025-02-08,09:35:34,-08:00,2025-02-08T09:35:34-08:00,0,1
projects/projects.js,49,js,bce907f1,Vivian Lin,2025-02-08,14:47:20,-08:00,2025-02-08T14:47:20-08:00,0,0
projects/projects.js,50,js,b40c0405,Vivian Lin,2025-02-08,19:07:51,-08:00,2025-02-08T19:07:51-08:00,0,25
projects/projects.js,51,js,bce907f1,Vivian Lin,2025-02-08,14:47:20,-08:00,2025-02-08T14:47:20-08:00,0,26
projects/projects.js,52,js,bce907f1,Vivian Lin,2025-02-08,14:47:20,-08:00,2025-02-08T14:47:20-08:00,0,30
projects/projects.js,53,js,bce907f1,Vivian Lin,2025-02-08,14:47:20,-08:00,2025-02-08T14:47:20-08:00,0,25
projects/projects.js,54,js,bce907f1,Vivian Lin,2025-02-08,14:47:20,-08:00,2025-02-08T14:47:20-08:00,0,2
projects/projects.js,55,js,bce907f1,Vivian Lin,2025-02-08,14:47:20,-08:00,2025-02-08T14:47:20-08:00,0,14
projects/projects.js,56,js,bce907f1,Vivian Lin,2025-02-08,14:47:20,-08:00,2025-02-08T14:47:20-08:00,0,14
projects/projects.js,57,js,bce907f1,Vivian Lin,2025-02-08,14:47:20,-08:00,2025-02-08T14:47:20-08:00,0,23
projects/projects.js,58,js,bce907f1,Vivian Lin,2025-02-08,14:47:20,-08:00,2025-02-08T14:47:20-08:00,0,19
projects/projects.js,59,js,bce907f1,Vivian Lin,2025-02-08,14:47:20,-08:00,2025-02-08T14:47:20-08:00,0,44
projects/projects.js,60,js,b40c0405,Vivian Lin,2025-02-08,19:07:51,-08:00,2025-02-08T19:07:51-08:00,0,29
projects/projects.js,61,js,b40c0405,Vivian Lin,2025-02-08,19:07:51,-08:00,2025-02-08T19:07:51-08:00,0,20
projects/projects.js,62,js,bce907f1,Vivian Lin,2025-02-08,14:47:20,-08:00,2025-02-08T14:47:20-08:00,0,2
projects/projects.js,63,js,bce907f1,Vivian Lin,2025-02-08,14:47:20,-08:00,2025-02-08T14:47:20-08:00,0,17
projects/projects.js,64,js,bce907f1,Vivian Lin,2025-02-08,14:47:20,-08:00,2025-02-08T14:47:20-08:00,0,27
projects/projects.js,65,js,bce907f1,Vivian Lin,2025-02-08,14:47:20,-08:00,2025-02-08T14:47:20-08:00,0,40
projects/projects.js,66,js,bce907f1,Vivian Lin,2025-02-08,14:47:20,-08:00,2025-02-08T14:47:20-08:00,0,2
projects/projects.js,67,js,bce907f1,Vivian Lin,2025-02-08,14:47:20,-08:00,2025-02-08T14:47:20-08:00,0,0
projects/projects.js,68,js,bce907f1,Vivian Lin,2025-02-08,14:47:20,-08:00,2025-02-08T14:47:20-08:00,0,5
projects/projects.js,69,js,bce907f1,Vivian Lin,2025-02-08,14:47:20,-08:00,2025-02-08T14:47:20-08:00,0,15
projects/projects.js,70,js,bce907f1,Vivian Lin,2025-02-08,14:47:20,-08:00,2025-02-08T14:47:20-08:00,0,27
projects/projects.js,71,js,bce907f1,Vivian Lin,2025-02-08,14:47:20,-08:00,2025-02-08T14:47:20-08:00,0,40
projects/projects.js,72,js,bce907f1,Vivian Lin,2025-02-08,14:47:20,-08:00,2025-02-08T14:47:20-08:00,0,2
projects/projects.js,73,js,b40c0405,Vivian Lin,2025-02-08,19:07:51,-08:00,2025-02-08T19:07:51-08:00,0,0
projects/projects.js,74,js,b40c0405,Vivian Lin,2025-02-08,19:07:51,-08:00,2025-02-08T19:07:51-08:00,0,26
projects/projects.js,75,js,b40c0405,Vivian Lin,2025-02-08,19:07:51,-08:00,2025-02-08T19:07:51-08:00,0,54
projects/projects.js,76,js,b40c0405,Vivian Lin,2025-02-08,19:07:51,-08:00,2025-02-08T19:07:51-08:00,0,0
projects/projects.js,77,js,b40c0405,Vivian Lin,2025-02-08,19:07:51,-08:00,2025-02-08T19:07:51-08:00,0,7
projects/projects.js,78,js,b40c0405,Vivian Lin,2025-02-08,19:07:51,-08:00,2025-02-08T19:07:51-08:00,0,44
projects/projects.js,79,js,b40c0405,Vivian Lin,2025-02-08,19:07:51,-08:00,2025-02-08T19:07:51-08:00,0,87
projects/projects.js,80,js,b40c0405,Vivian Lin,2025-02-08,19:07:51,-08:00,2025-02-08T19:07:51-08:00,0,57
projects/projects.js,81,js,b40c0405,Vivian Lin,2025-02-08,19:07:51,-08:00,2025-02-08T19:07:51-08:00,0,27
projects/projects.js,82,js,b40c0405,Vivian Lin,2025-02-08,19:07:51,-08:00,2025-02-08T19:07:51-08:00,0,0
projects/projects.js,83,js,bce907f1,Vivian Lin,2025-02-08,14:47:20,-08:00,2025-02-08T14:47:20-08:00,0,2
projects/projects.js,84,js,b40c0405,Vivian Lin,2025-02-08,19:07:51,-08:00,2025-02-08T19:07:51-08:00,0,2
projects/projects.js,85,js,b40c0405,Vivian Lin,2025-02-08,19:07:51,-08:00,2025-02-08T19:07:51-08:00,0,0
projects/projects.js,86,js,85885009,Vivian Lin,2025-02-08,09:35:34,-08:00,2025-02-08T09:35:34-08:00,0,0
projects/projects.js,87,js,85885009,Vivian Lin,2025-02-08,09:35:34,-08:00,2025-02-08T09:35:34-08:00,0,0
projects/projects.js,88,js,85885009,Vivian Lin,2025-02-08,09:35:34,-08:00,2025-02-08T09:35:34-08:00,0,0
projects/projects.js,89,js,b40c0405,Vivian Lin,2025-02-08,19:07:51,-08:00,2025-02-08T19:07:51-08:00,0,24
projects/projects.js,90,js,85885009,Vivian Lin,2025-02-08,09:35:34,-08:00,2025-02-08T09:35:34-08:00,0,0
projects/projects.js,91,js,85885009,Vivian Lin,2025-02-08,09:35:34,-08:00,2025-02-08T09:35:34-08:00,0,0
projects/projects.js,92,js,85885009,Vivian Lin,2025-02-08,09:35:34,-08:00,2025-02-08T09:35:34-08:00,0,15
projects/projects.js,93,js,85885009,Vivian Lin,2025-02-08,09:35:34,-08:00,2025-02-08T09:35:34-08:00,0,14
projects/projects.js,94,js,85885009,Vivian Lin,2025-02-08,09:35:34,-08:00,2025-02-08T09:35:34-08:00,0,54
projects/projects.js,95,js,85885009,Vivian Lin,2025-02-08,09:35:34,-08:00,2025-02-08T09:35:34-08:00,0,0
projects/projects.js,96,js,85885009,Vivian Lin,2025-02-08,09:35:34,-08:00,2025-02-08T09:35:34-08:00,0,49
projects/projects.js,97,js,131c1d79,Vivian Lin,2025-02-06,18:06:06,-08:00,2025-02-06T18:06:06-08:00,0,0
projects/projects.js,98,js,b40c0405,Vivian Lin,2025-02-08,19:07:51,-08:00,2025-02-08T19:07:51-08:00,0,18
projects/projects.js,99,js,b40c0405,Vivian Lin,2025-02-08,19:07:51,-08:00,2025-02-08T19:07:51-08:00,0,72
projects/projects.js,100,js,b40c0405,Vivian Lin,2025-02-08,19:07:51,-08:00,2025-02-08T19:07:51-08:00,0,20
projects/projects.js,101,js,b40c0405,Vivian Lin,2025-02-08,19:07:51,-08:00,2025-02-08T19:07:51-08:00,0,26
projects/projects.js,102,js,b40c0405,Vivian Lin,2025-02-08,19:07:51,-08:00,2025-02-08T19:07:51-08:00,0,17
projects/projects.js,103,js,b40c0405,Vivian Lin,2025-02-08,19:07:51,-08:00,2025-02-08T19:07:51-08:00,0,50
projects/projects.js,104,js,b40c0405,Vivian Lin,2025-02-08,19:07:51,-08:00,2025-02-08T19:07:51-08:00,0,60
projects/projects.js,105,js,b40c0405,Vivian Lin,2025-02-08,19:07:51,-08:00,2025-02-08T19:07:51-08:00,0,43
projects/projects.js,106,js,b40c0405,Vivian Lin,2025-02-08,19:07:51,-08:00,2025-02-08T19:07:51-08:00,0,2
projects/projects.js,107,js,b40c0405,Vivian Lin,2025-02-08,19:07:51,-08:00,2025-02-08T19:07:51-08:00,0,26
projects/projects.js,108,js,b40c0405,Vivian Lin,2025-02-08,19:07:51,-08:00,2025-02-08T19:07:51-08:00,0,57
projects/projects.js,109,js,b40c0405,Vivian Lin,2025-02-08,19:07:51,-08:00,2025-02-08T19:07:51-08:00,0,0
projects/projects.js,110,js,b40c0405,Vivian Lin,2025-02-08,19:07:51,-08:00,2025-02-08T19:07:51-08:00,0,18
projects/projects.js,111,js,b40c0405,Vivian Lin,2025-02-08,19:07:51,-08:00,2025-02-08T19:07:51-08:00,0,54
projects/projects.js,112,js,b40c0405,Vivian Lin,2025-02-08,19:07:51,-08:00,2025-02-08T19:07:51-08:00,0,19
projects/projects.js,113,js,b40c0405,Vivian Lin,2025-02-08,19:07:51,-08:00,2025-02-08T19:07:51-08:00,0,7
projects/projects.js,114,js,b40c0405,Vivian Lin,2025-02-08,19:07:51,-08:00,2025-02-08T19:07:51-08:00,0,74
projects/projects.js,115,js,b40c0405,Vivian Lin,2025-02-08,19:07:51,-08:00,2025-02-08T19:07:51-08:00,0,0
projects/projects.js,116,js,b40c0405,Vivian Lin,2025-02-08,19:07:51,-08:00,2025-02-08T19:07:51-08:00,0,7
projects/projects.js,117,js,b40c0405,Vivian Lin,2025-02-08,19:07:51,-08:00,2025-02-08T19:07:51-08:00,0,26
projects/projects.js,118,js,b40c0405,Vivian Lin,2025-02-08,19:07:51,-08:00,2025-02-08T19:07:51-08:00,0,52
projects/projects.js,119,js,b40c0405,Vivian Lin,2025-02-08,19:07:51,-08:00,2025-02-08T19:07:51-08:00,0,60
projects/projects.js,120,js,b40c0405,Vivian Lin,2025-02-08,19:07:51,-08:00,2025-02-08T19:07:51-08:00,0,43
projects/projects.js,121,js,b40c0405,Vivian Lin,2025-02-08,19:07:51,-08:00,2025-02-08T19:07:51-08:00,0,2
projects/projects.js,122,js,b40c0405,Vivian Lin,2025-02-08,19:07:51,-08:00,2025-02-08T19:07:51-08:00,0,57
projects/projects.js,123,js,b40c0405,Vivian Lin,2025-02-08,19:07:51,-08:00,2025-02-08T19:07:51-08:00,0,32
projects/projects.js,124,js,b40c0405,Vivian Lin,2025-02-08,19:07:51,-08:00,2025-02-08T19:07:51-08:00,0,0
projects/projects.js,125,js,b40c0405,Vivian Lin,2025-02-08,19:07:51,-08:00,2025-02-08T19:07:51-08:00,0,2
projects/index.html,1,html,e621f3bb,Vivian Lin,2025-01-09,13:31:24,-08:00,2025-01-09T13:31:24-08:00,0,14
projects/index.html,2,html,e621f3bb,Vivian Lin,2025-01-09,13:31:24,-08:00,2025-01-09T13:31:24-08:00,0,15
projects/index.html,3,html,e621f3bb,Vivian Lin,2025-01-09,13:31:24,-08:00,2025-01-09T13:31:24-08:00,0,5
projects/index.html,4,html,e621f3bb,Vivian Lin,2025-01-09,13:31:24,-08:00,2025-01-09T13:31:24-08:00,0,21
projects/index.html,5,html,e621f3bb,Vivian Lin,2025-01-09,13:31:24,-08:00,2025-01-09T13:31:24-08:00,0,69
projects/index.html,6,html,e621f3bb,Vivian Lin,2025-01-09,13:31:24,-08:00,2025-01-09T13:31:24-08:00,0,30
projects/index.html,7,html,df310acf,Vivian Lin,2025-01-09,22:02:12,-08:00,2025-01-09T22:02:12-08:00,0,42
projects/index.html,8,html,e621f3bb,Vivian Lin,2025-01-09,13:31:24,-08:00,2025-01-09T13:31:24-08:00,0,6
projects/index.html,9,html,e621f3bb,Vivian Lin,2025-01-09,13:31:24,-08:00,2025-01-09T13:31:24-08:00,0,5
projects/index.html,10,html,916af07c,Vivian Lin,2025-01-23,11:52:54,-08:00,2025-01-23T11:52:54-08:00,0,9
projects/index.html,11,html,916af07c,Vivian Lin,2025-01-23,11:52:54,-08:00,2025-01-23T11:52:54-08:00,0,3
projects/index.html,12,html,916af07c,Vivian Lin,2025-01-23,11:52:54,-08:00,2025-01-23T11:52:54-08:00,0,40
projects/index.html,13,html,916af07c,Vivian Lin,2025-01-23,11:52:54,-08:00,2025-01-23T11:52:54-08:00,0,52
projects/index.html,14,html,916af07c,Vivian Lin,2025-01-23,11:52:54,-08:00,2025-01-23T11:52:54-08:00,0,44
projects/index.html,15,html,916af07c,Vivian Lin,2025-01-23,11:52:54,-08:00,2025-01-23T11:52:54-08:00,0,52
projects/index.html,16,html,916af07c,Vivian Lin,2025-01-23,11:52:54,-08:00,2025-01-23T11:52:54-08:00,0,76
projects/index.html,17,html,916af07c,Vivian Lin,2025-01-23,11:52:54,-08:00,2025-01-23T11:52:54-08:00,0,4
projects/index.html,18,html,916af07c,Vivian Lin,2025-01-23,11:52:54,-08:00,2025-01-23T11:52:54-08:00,0,9
projects/index.html,19,html,affda9ff,Vivian Lin,2025-01-30,21:19:35,-08:00,2025-01-30T21:19:35-08:00,0,0
projects/index.html,20,html,e225239b,Vivian Lin,2025-02-05,18:30:29,-08:00,2025-02-05T18:30:29-08:00,0,50
projects/index.html,21,html,131c1d79,Vivian Lin,2025-02-06,18:06:06,-08:00,2025-02-06T18:06:06-08:00,0,0
projects/index.html,22,html,131c1d79,Vivian Lin,2025-02-06,18:06:06,-08:00,2025-02-06T18:06:06-08:00,0,22
projects/index.html,23,html,131c1d79,Vivian Lin,2025-02-06,18:06:06,-08:00,2025-02-06T18:06:06-08:00,0,53
projects/index.html,24,html,131c1d79,Vivian Lin,2025-02-06,18:06:06,-08:00,2025-02-06T18:06:06-08:00,0,69
projects/index.html,25,html,131c1d79,Vivian Lin,2025-02-06,18:06:06,-08:00,2025-02-06T18:06:06-08:00,0,5
projects/index.html,26,html,131c1d79,Vivian Lin,2025-02-06,18:06:06,-08:00,2025-02-06T18:06:06-08:00,0,0
projects/index.html,27,html,131c1d79,Vivian Lin,2025-02-06,18:06:06,-08:00,2025-02-06T18:06:06-08:00,0,23
projects/index.html,28,html,85885009,Vivian Lin,2025-02-08,09:35:34,-08:00,2025-02-08T09:35:34-08:00,0,0
projects/index.html,29,html,85885009,Vivian Lin,2025-02-08,09:35:34,-08:00,2025-02-08T09:35:34-08:00,0,0
projects/index.html,30,html,131c1d79,Vivian Lin,2025-02-06,18:06:06,-08:00,2025-02-06T18:06:06-08:00,0,5
projects/index.html,31,html,85885009,Vivian Lin,2025-02-08,09:35:34,-08:00,2025-02-08T09:35:34-08:00,0,5
projects/index.html,32,html,85885009,Vivian Lin,2025-02-08,09:35:34,-08:00,2025-02-08T09:35:34-08:00,0,16
projects/index.html,33,html,85885009,Vivian Lin,2025-02-08,09:35:34,-08:00,2025-02-08T09:35:34-08:00,0,12
projects/index.html,34,html,85885009,Vivian Lin,2025-02-08,09:35:34,-08:00,2025-02-08T09:35:34-08:00,0,27
projects/index.html,35,html,85885009,Vivian Lin,2025-02-08,09:35:34,-08:00,2025-02-08T09:35:34-08:00,0,32
projects/index.html,36,html,85885009,Vivian Lin,2025-02-08,09:35:34,-08:00,2025-02-08T09:35:34-08:00,0,1
projects/index.html,37,html,e225239b,Vivian Lin,2025-02-05,18:30:29,-08:00,2025-02-05T18:30:29-08:00,0,0
projects/index.html,38,html,c4d432cd,Vivian Lin,2025-01-16,14:49:02,-08:00,2025-01-16T14:49:02-08:00,0,21
projects/index.html,39,html,c4d432cd,Vivian Lin,2025-01-16,14:49:02,-08:00,2025-01-16T14:49:02-08:00,0,8
projects/index.html,40,html,c4d432cd,Vivian Lin,2025-01-16,14:49:02,-08:00,2025-01-16T14:49:02-08:00,0,30
projects/index.html,41,html,c4d432cd,Vivian Lin,2025-01-16,14:49:02,-08:00,2025-01-16T14:49:02-08:00,0,71
projects/index.html,42,html,c4d432cd,Vivian Lin,2025-01-16,14:49:02,-08:00,2025-01-16T14:49:02-08:00,0,227
projects/index.html,43,html,c4d432cd,Vivian Lin,2025-01-16,14:49:02,-08:00,2025-01-16T14:49:02-08:00,0,9
projects/index.html,44,html,c4d432cd,Vivian Lin,2025-01-16,14:49:02,-08:00,2025-01-16T14:49:02-08:00,0,8
projects/index.html,45,html,c4d432cd,Vivian Lin,2025-01-16,14:49:02,-08:00,2025-01-16T14:49:02-08:00,0,39
projects/index.html,46,html,c4d432cd,Vivian Lin,2025-01-16,14:49:02,-08:00,2025-01-16T14:49:02-08:00,0,71
projects/index.html,47,html,c4d432cd,Vivian Lin,2025-01-16,14:49:02,-08:00,2025-01-16T14:49:02-08:00,0,240
projects/index.html,48,html,c4d432cd,Vivian Lin,2025-01-16,14:49:02,-08:00,2025-01-16T14:49:02-08:00,0,9
projects/index.html,49,html,c4d432cd,Vivian Lin,2025-01-16,14:49:02,-08:00,2025-01-16T14:49:02-08:00,0,8
projects/index.html,50,html,c4d432cd,Vivian Lin,2025-01-16,14:49:02,-08:00,2025-01-16T14:49:02-08:00,0,40
projects/index.html,51,html,c4d432cd,Vivian Lin,2025-01-16,14:49:02,-08:00,2025-01-16T14:49:02-08:00,0,71
projects/index.html,52,html,c4d432cd,Vivian Lin,2025-01-16,14:49:02,-08:00,2025-01-16T14:49:02-08:00,0,233
projects/index.html,53,html,c4d432cd,Vivian Lin,2025-01-16,14:49:02,-08:00,2025-01-16T14:49:02-08:00,0,9
projects/index.html,54,html,c4d432cd,Vivian Lin,2025-01-16,14:49:02,-08:00,2025-01-16T14:49:02-08:00,0,8
projects/index.html,55,html,c4d432cd,Vivian Lin,2025-01-16,14:49:02,-08:00,2025-01-16T14:49:02-08:00,0,27
projects/index.html,56,html,c4d432cd,Vivian Lin,2025-01-16,14:49:02,-08:00,2025-01-16T14:49:02-08:00,0,71
projects/index.html,57,html,c4d432cd,Vivian Lin,2025-01-16,14:49:02,-08:00,2025-01-16T14:49:02-08:00,0,262
projects/index.html,58,html,c4d432cd,Vivian Lin,2025-01-16,14:49:02,-08:00,2025-01-16T14:49:02-08:00,0,9
projects/index.html,59,html,c4d432cd,Vivian Lin,2025-01-16,14:49:02,-08:00,2025-01-16T14:49:02-08:00,0,8
projects/index.html,60,html,c4d432cd,Vivian Lin,2025-01-16,14:49:02,-08:00,2025-01-16T14:49:02-08:00,0,43
projects/index.html,61,html,c4d432cd,Vivian Lin,2025-01-16,14:49:02,-08:00,2025-01-16T14:49:02-08:00,0,71
projects/index.html,62,html,c4d432cd,Vivian Lin,2025-01-16,14:49:02,-08:00,2025-01-16T14:49:02-08:00,0,223
projects/index.html,63,html,c4d432cd,Vivian Lin,2025-01-16,14:49:02,-08:00,2025-01-16T14:49:02-08:00,0,9
projects/index.html,64,html,c4d432cd,Vivian Lin,2025-01-16,14:49:02,-08:00,2025-01-16T14:49:02-08:00,0,8
projects/index.html,65,html,c4d432cd,Vivian Lin,2025-01-16,14:49:02,-08:00,2025-01-16T14:49:02-08:00,0,42
projects/index.html,66,html,c4d432cd,Vivian Lin,2025-01-16,14:49:02,-08:00,2025-01-16T14:49:02-08:00,0,71
projects/index.html,67,html,c4d432cd,Vivian Lin,2025-01-16,14:49:02,-08:00,2025-01-16T14:49:02-08:00,0,242
projects/index.html,68,html,c4d432cd,Vivian Lin,2025-01-16,14:49:02,-08:00,2025-01-16T14:49:02-08:00,0,9
projects/index.html,69,html,c4d432cd,Vivian Lin,2025-01-16,14:49:02,-08:00,2025-01-16T14:49:02-08:00,0,8
projects/index.html,70,html,c4d432cd,Vivian Lin,2025-01-16,14:49:02,-08:00,2025-01-16T14:49:02-08:00,0,29
projects/index.html,71,html,c4d432cd,Vivian Lin,2025-01-16,14:49:02,-08:00,2025-01-16T14:49:02-08:00,0,71
projects/index.html,72,html,c4d432cd,Vivian Lin,2025-01-16,14:49:02,-08:00,2025-01-16T14:49:02-08:00,0,217
projects/index.html,73,html,c4d432cd,Vivian Lin,2025-01-16,14:49:02,-08:00,2025-01-16T14:49:02-08:00,0,9
projects/index.html,74,html,c4d432cd,Vivian Lin,2025-01-16,14:49:02,-08:00,2025-01-16T14:49:02-08:00,0,8
projects/index.html,75,html,c4d432cd,Vivian Lin,2025-01-16,14:49:02,-08:00,2025-01-16T14:49:02-08:00,0,41
projects/index.html,76,html,c4d432cd,Vivian Lin,2025-01-16,14:49:02,-08:00,2025-01-16T14:49:02-08:00,0,71
projects/index.html,77,html,c4d432cd,Vivian Lin,2025-01-16,14:49:02,-08:00,2025-01-16T14:49:02-08:00,0,230
projects/index.html,78,html,c4d432cd,Vivian Lin,2025-01-16,14:49:02,-08:00,2025-01-16T14:49:02-08:00,0,9
projects/index.html,79,html,c4d432cd,Vivian Lin,2025-01-16,14:49:02,-08:00,2025-01-16T14:49:02-08:00,0,8
projects/index.html,80,html,c4d432cd,Vivian Lin,2025-01-16,14:49:02,-08:00,2025-01-16T14:49:02-08:00,0,45
projects/index.html,81,html,c4d432cd,Vivian Lin,2025-01-16,14:49:02,-08:00,2025-01-16T14:49:02-08:00,0,71
projects/index.html,82,html,c4d432cd,Vivian Lin,2025-01-16,14:49:02,-08:00,2025-01-16T14:49:02-08:00,0,241
projects/index.html,83,html,c4d432cd,Vivian Lin,2025-01-16,14:49:02,-08:00,2025-01-16T14:49:02-08:00,0,9
projects/index.html,84,html,c4d432cd,Vivian Lin,2025-01-16,14:49:02,-08:00,2025-01-16T14:49:02-08:00,0,8
projects/index.html,85,html,c4d432cd,Vivian Lin,2025-01-16,14:49:02,-08:00,2025-01-16T14:49:02-08:00,0,41
projects/index.html,86,html,c4d432cd,Vivian Lin,2025-01-16,14:49:02,-08:00,2025-01-16T14:49:02-08:00,0,71
projects/index.html,87,html,c4d432cd,Vivian Lin,2025-01-16,14:49:02,-08:00,2025-01-16T14:49:02-08:00,0,224
projects/index.html,88,html,c4d432cd,Vivian Lin,2025-01-16,14:49:02,-08:00,2025-01-16T14:49:02-08:00,0,9
projects/index.html,89,html,c4d432cd,Vivian Lin,2025-01-16,14:49:02,-08:00,2025-01-16T14:49:02-08:00,0,8
projects/index.html,90,html,c4d432cd,Vivian Lin,2025-01-16,14:49:02,-08:00,2025-01-16T14:49:02-08:00,0,34
projects/index.html,91,html,c4d432cd,Vivian Lin,2025-01-16,14:49:02,-08:00,2025-01-16T14:49:02-08:00,0,71
projects/index.html,92,html,c4d432cd,Vivian Lin,2025-01-16,14:49:02,-08:00,2025-01-16T14:49:02-08:00,0,229
projects/index.html,93,html,c4d432cd,Vivian Lin,2025-01-16,14:49:02,-08:00,2025-01-16T14:49:02-08:00,0,9
projects/index.html,94,html,c4d432cd,Vivian Lin,2025-01-16,14:49:02,-08:00,2025-01-16T14:49:02-08:00,0,8
projects/index.html,95,html,c4d432cd,Vivian Lin,2025-01-16,14:49:02,-08:00,2025-01-16T14:49:02-08:00,0,49
projects/index.html,96,html,c4d432cd,Vivian Lin,2025-01-16,14:49:02,-08:00,2025-01-16T14:49:02-08:00,0,71
projects/index.html,97,html,c4d432cd,Vivian Lin,2025-01-16,14:49:02,-08:00,2025-01-16T14:49:02-08:00,0,230
projects/index.html,98,html,c4d432cd,Vivian Lin,2025-01-16,14:49:02,-08:00,2025-01-16T14:49:02-08:00,0,9
projects/index.html,99,html,c4d432cd,Vivian Lin,2025-01-16,14:49:02,-08:00,2025-01-16T14:49:02-08:00,0,5
projects/index.html,100,html,07bfc06c,Vivian Lin,2025-01-24,14:19:06,-08:00,2025-01-24T14:19:06-08:00,0,49
projects/index.html,101,html,64feed36,Vivian Lin,2025-01-30,19:20:24,-08:00,2025-01-30T19:20:24-08:00,0,48
projects/index.html,102,html,e621f3bb,Vivian Lin,2025-01-09,13:31:24,-08:00,2025-01-09T13:31:24-08:00,0,6
projects/index.html,103,html,e621f3bb,Vivian Lin,2025-01-09,13:31:24,-08:00,2025-01-09T13:31:24-08:00,0,6
contact/index.html,1,html,e621f3bb,Vivian Lin,2025-01-09,13:31:24,-08:00,2025-01-09T13:31:24-08:00,0,14
contact/index.html,2,html,e621f3bb,Vivian Lin,2025-01-09,13:31:24,-08:00,2025-01-09T13:31:24-08:00,0,15
contact/index.html,3,html,e621f3bb,Vivian Lin,2025-01-09,13:31:24,-08:00,2025-01-09T13:31:24-08:00,0,5
contact/index.html,4,html,e621f3bb,Vivian Lin,2025-01-09,13:31:24,-08:00,2025-01-09T13:31:24-08:00,0,21
contact/index.html,5,html,e621f3bb,Vivian Lin,2025-01-09,13:31:24,-08:00,2025-01-09T13:31:24-08:00,0,69
contact/index.html,6,html,e621f3bb,Vivian Lin,2025-01-09,13:31:24,-08:00,2025-01-09T13:31:24-08:00,0,29
contact/index.html,7,html,df310acf,Vivian Lin,2025-01-09,22:02:12,-08:00,2025-01-09T22:02:12-08:00,0,42
contact/index.html,8,html,e621f3bb,Vivian Lin,2025-01-09,13:31:24,-08:00,2025-01-09T13:31:24-08:00,0,6
contact/index.html,9,html,e621f3bb,Vivian Lin,2025-01-09,13:31:24,-08:00,2025-01-09T13:31:24-08:00,0,5
contact/index.html,10,html,916af07c,Vivian Lin,2025-01-23,11:52:54,-08:00,2025-01-23T11:52:54-08:00,0,9
contact/index.html,11,html,916af07c,Vivian Lin,2025-01-23,11:52:54,-08:00,2025-01-23T11:52:54-08:00,0,3
contact/index.html,12,html,916af07c,Vivian Lin,2025-01-23,11:52:54,-08:00,2025-01-23T11:52:54-08:00,0,40
contact/index.html,13,html,916af07c,Vivian Lin,2025-01-23,11:52:54,-08:00,2025-01-23T11:52:54-08:00,0,43
contact/index.html,14,html,916af07c,Vivian Lin,2025-01-23,11:52:54,-08:00,2025-01-23T11:52:54-08:00,0,53
contact/index.html,15,html,916af07c,Vivian Lin,2025-01-23,11:52:54,-08:00,2025-01-23T11:52:54-08:00,0,52
contact/index.html,16,html,916af07c,Vivian Lin,2025-01-23,11:52:54,-08:00,2025-01-23T11:52:54-08:00,0,76
contact/index.html,17,html,916af07c,Vivian Lin,2025-01-23,11:52:54,-08:00,2025-01-23T11:52:54-08:00,0,4
contact/index.html,18,html,916af07c,Vivian Lin,2025-01-23,11:52:54,-08:00,2025-01-23T11:52:54-08:00,0,9
contact/index.html,19,html,df310acf,Vivian Lin,2025-01-09,22:02:12,-08:00,2025-01-09T22:02:12-08:00,0,16
contact/index.html,20,html,df310acf,Vivian Lin,2025-01-09,22:02:12,-08:00,2025-01-09T22:02:12-08:00,0,0
contact/index.html,21,html,df310acf,Vivian Lin,2025-01-09,22:02:12,-08:00,2025-01-09T22:02:12-08:00,0,0
contact/index.html,22,html,df310acf,Vivian Lin,2025-01-09,22:02:12,-08:00,2025-01-09T22:02:12-08:00,0,72
contact/index.html,23,html,df310acf,Vivian Lin,2025-01-09,22:02:12,-08:00,2025-01-09T22:02:12-08:00,0,54
contact/index.html,24,html,df310acf,Vivian Lin,2025-01-09,22:02:12,-08:00,2025-01-09T22:02:12-08:00,0,45
contact/index.html,25,html,df310acf,Vivian Lin,2025-01-09,22:02:12,-08:00,2025-01-09T22:02:12-08:00,0,53
contact/index.html,26,html,2e9dcea6,Vivian Lin,2025-01-16,14:22:56,-08:00,2025-01-16T14:22:56-08:00,0,37
contact/index.html,27,html,df310acf,Vivian Lin,2025-01-09,22:02:12,-08:00,2025-01-09T22:02:12-08:00,0,0
contact/index.html,28,html,df310acf,Vivian Lin,2025-01-09,22:02:12,-08:00,2025-01-09T22:02:12-08:00,0,6
contact/index.html,29,html,07bfc06c,Vivian Lin,2025-01-24,14:19:06,-08:00,2025-01-24T14:19:06-08:00,0,49
contact/index.html,30,html,e621f3bb,Vivian Lin,2025-01-09,13:31:24,-08:00,2025-01-09T13:31:24-08:00,0,6
contact/index.html,31,html,e621f3bb,Vivian Lin,2025-01-09,13:31:24,-08:00,2025-01-09T13:31:24-08:00,0,6
